,from_id,total_distance,walking_distance,transfers,travel_time_total,walking_time,wait_time_total
1,o_360610002011,1294.883739,1067.296,0,19.75,18.11666667,2.1
2,o_360610002012,1887.846508,1125.124,0,24.83333333,19.08333333,2.05
3,o_360610002021,2267.091673,1076.668,0,23.03333333,18.25,2.316666667
4,o_360610002022,2477.35867,1112.161,0,24.2,18.85,1.15
5,o_360610002023,2339.396673,1148.973,0,24.28333333,19.5,1.066666667
6,o_360610002024,2576.68102,847.335,0,20.98333333,14.4,4.366666667
7,o_360610002025,3375.847529,1374.579,0,26.73333333,23.23333333,5.75
8,o_360610002026,2823.59245,826.163,1,22,14.05,4.35
9,o_360610005001,5193.439474,1461.789,1,32.36666667,25.03333333,5.6
10,o_360610005002,4234.746951,1960.732,0,37.23333333,33.23333333,2.383333333
11,o_360610006001,1182.211727,606.842,0,11.21666667,10.21666667,9.266666667
12,o_360610006002,1404.538727,829.169,0,15,14,5.483333333
13,o_360610006003,1133.550063,968.228,0,17.68333333,16.45,4.166666667
14,o_360610006004,1224.169063,1058.847,0,19.21666667,17.98333333,2.633333333
15,o_360610006005,1369.832727,794.463,0,14.43333333,13.43333333,6.05
16,o_360610006006,1574.471727,999.102,0,17.91666667,16.91666667,2.566666667
17,o_360610007001,1553.055876,614.428,0,13.48333333,10.48333333,2.083333333
18,o_360610007002,1201.04785,831.058,0,15.76666667,14.26666667,1.166666667
19,o_360610007003,664.0508772,305.334,0,6.316666667,5.316666667,1.3
20,o_360610007004,622.0708772,263.354,0,5.55,4.55,2.066666667
21,o_360610007005,1008.85404,484.156,0,9.783333333,8.283333333,4.266666667
22,o_360610007006,1153.00404,628.306,0,12.3,10.8,1.75
23,o_360610007007,987.0974795,546.545,0,11.53333333,9.366666667,3.45
24,o_360610007008,1161.80148,721.249,0,14.66666667,12.5,4.916666667
25,o_360610007009,3916.699951,1642.685,0,32,28,3.616666667
26,o_360610008001,1504.120106,1128.724,0,21.96666667,19.21666667,1.116666667
27,o_360610008002,1432.150371,1194.637,0,21.75,20.3,2
28,o_360610008003,1174.155219,991.358,0,17.81666667,16.91666667,4.083333333
29,o_360610008004,1231.303219,1048.506,0,18.76666667,17.86666667,3.133333333
30,o_360610008005,1285.550219,1102.753,0,19.76666667,18.86666667,2.133333333
31,o_360610008006,1520.943727,945.574,0,17.05,16.05,3.433333333
32,o_360610009001,1011.613877,652.897,0,12.18333333,11.18333333,1.433333333
33,o_360610009002,3674.896074,1759.598,0,32.88333333,29.88333333,3.8
34,o_360610010011,2273.388673,1082.965,0,23.08333333,18.3,2.266666667
35,o_360610010021,1597.334633,1437.343,0,25.53333333,24.46666667,1.983333333
36,o_360610010022,1571.416633,1411.425,0,25.11666667,24.05,2.4
37,o_360610010023,1962.846213,998.577,0,20.96666667,16.91666667,4.383333333
38,o_360610010024,1999.805535,1101.218,0,25.31666667,18.71666667,2.2
39,o_360610010025,1824.655427,1166.728,0,22.83333333,19.83333333,2.516666667
40,o_360610012001,1299.698739,1072.111,0,19.83333333,18.2,2.016666667
41,o_360610012002,1472.74184,1024.265,0,20.68333333,17.43333333,1.166666667
42,o_360610012003,1618.039633,1458.048,0,25.8,24.73333333,1.716666667
43,o_360610013001,1681.156876,742.529,0,15.85,12.85,1.716666667
44,o_360610013002,1996.875506,701.244,0,15.98333333,11.98333333,1.583333333
45,o_360610013003,1556.615876,617.988,0,13.61666667,10.61666667,1.95
46,o_360610013004,1409.781027,841.143,0,15.98333333,14.48333333,1.583333333
47,o_360610013005,1226.310027,657.672,0,12.93333333,11.43333333,2.633333333
48,o_360610014011,1391.687727,816.318,0,14.8,13.8,5.683333333
49,o_360610014012,1148.568739,920.981,0,17.31666667,15.68333333,4.533333333
50,o_360610014021,1042.19699,453.152,0,9.15,7.65,1.883333333
51,o_360610014022,1199.224739,971.637,0,18.13333333,16.5,3.716666667
52,o_360610015011,1417.977027,849.339,0,16.13333333,14.63333333,1.433333333
53,o_360610015012,1013.513219,830.716,0,15.08333333,14.18333333,6.816666667
54,o_360610015013,1122.809219,940.012,0,16.93333333,16.03333333,4.966666667
55,o_360610015021,1095.605027,526.967,0,10.51666667,9.016666667,5.05
56,o_360610015022,1260.080027,691.442,0,13.31666667,11.81666667,2.25
57,o_360610015023,1447.842027,879.204,0,16.46666667,14.96666667,1.1
58,o_360610015024,918.8368772,560.12,0,10.65,9.65,2.966666667
59,o_360610015025,1170.56648,730.014,0,14.65,12.48333333,4.933333333
60,o_360610015026,1191.90648,751.354,0,15.11666667,12.95,4.466666667
61,o_360610015027,1360.311166,1096.621,0,20.15,18.86666667,1.983333333
62,o_360610015028,3483.555951,1209.541,0,24.73333333,20.73333333,4.283333333
63,o_360610016001,1123.411371,885.898,0,16.56666667,15.11666667,7.183333333
64,o_360610016002,1602.095727,1026.726,0,18.43333333,17.43333333,2.05
65,o_360610016003,1420.311727,844.942,0,15.36666667,14.36666667,5.116666667
66,o_360610016004,1413.605727,838.236,0,15.16666667,14.16666667,5.316666667
67,o_360610016005,1346.645727,771.276,0,14.03333333,13.03333333,6.45
68,o_360610018001,814.645489,560.626,0,11.28333333,9.616666667,7.983333333
69,o_360610018002,1623.688727,1048.319,0,18.7,17.7,1.783333333
70,o_360610018003,1054.248241,691.825,0,13.9,11.7,2.45
71,o_360610018004,918.4623774,645.646,0,12.55,10.9,2.016666667
72,o_360610018005,984.0988279,763.755,0,14.38333333,13,3.283333333
73,o_360610018006,1036.292489,782.273,0,15.18333333,13.51666667,4.083333333
74,o_360610018007,924.5143774,651.698,0,12.66666667,11.01666667,1.9
75,o_360610020001,2224.769785,408.654,0,18.58333333,6.9,2.05
76,o_360610020002,2162.465785,346.35,0,17.53333333,5.85,3.1
77,o_360610020003,1906.16744,1226.998,0,25.7,20.85,1.816666667
78,o_360610021001,1399.636608,1035.722,0,18.88333333,17.88333333,1.4
79,o_360610021002,1009.311826,433.074,0,9.466666667,7.466666667,3.866666667
80,o_360610021003,1144.459826,568.222,0,11.68333333,9.683333333,1.65
81,o_360610021004,1401.339464,542.207,0,14.73333333,9.35,1.15
82,o_360610022011,1302.865633,1142.874,0,20.4,19.33333333,7.116666667
83,o_360610022012,1117.433101,846.43,0,16.21666667,14.38333333,7.616666667
84,o_360610022013,1362.740633,1202.749,0,21.45,20.38333333,6.066666667
85,o_360610022014,1370.204633,1210.213,0,21.68333333,20.61666667,5.833333333
86,o_360610022021,1498.516633,1338.525,0,23.7,22.63333333,3.816666667
87,o_360610024001,1746.563469,1062.945,0,22.36666667,17.98333333,2.383333333
88,o_360610024002,2070.74663,887.008,0,22.65,15.03333333,2.1
89,o_360610024003,1654.107162,1153.987,0,22.78333333,19.55,3.116666667
90,o_360610025001,866.5052189,683.708,0,12.53333333,11.63333333,9.366666667
91,o_360610025002,1108.773219,925.976,0,16.71666667,15.81666667,5.183333333
92,o_360610025003,1070.234219,887.437,0,16.08333333,15.18333333,5.816666667
93,o_360610025004,931.1662189,748.369,0,13.65,12.75,8.25
94,o_360610026011,1719.161162,1219.041,0,23.93333333,20.7,1.966666667
95,o_360610026012,2179.704743,1101.072,0,22.53333333,18.53333333,3.066666667
96,o_360610026021,1516.686761,1304.448,0,23.46666667,22.11666667,2.433333333
97,o_360610026022,1641.453162,1141.333,0,22.56666667,19.33333333,3.333333333
98,o_360610026023,1469.599761,1257.361,0,22.75,21.4,3.15
99,o_360610027001,910.6982189,727.901,0,13.28333333,12.38333333,8.616666667
100,o_360610028001,1236.805521,925.019,0,17.93333333,15.65,1.4
101,o_360610028002,1068.038123,606.468,0,13.58333333,10.2,1.633333333
102,o_360610028003,1193.561796,515.397,0,13.66666667,8.65,1.55
103,o_360610028004,1565.723589,1253.937,0,23.18333333,21.18333333,1.566666667
104,o_360610029011,1018.007559,692.426,0,14.23333333,11.86666667,3.85
105,o_360610029012,999.2117145,507.427,0,10.15,8.65,3.9
106,o_360610029013,1095.891559,770.31,0,15.55,13.18333333,2.533333333
107,o_360610029021,1445.436808,979.2,0,18.15,16.65,3.733333333
108,o_360610029022,1069.107371,831.594,0,15.53333333,14.08333333,8.216666667
109,o_360610029023,1254.322219,1071.525,0,19.13333333,18.23333333,2.766666667
110,o_360610029024,1315.785219,1132.988,0,20.3,19.4,1.6
111,o_360610029025,1161.535219,978.738,0,17.58333333,16.68333333,4.316666667
112,o_360610030011,890.8352411,528.412,0,11.18333333,8.983333333,5.166666667
113,o_360610030012,1279.879052,1072.38,0,19.68333333,18.21666667,1.283333333
114,o_360610030013,1121.661241,759.238,0,15.18333333,12.98333333,1.166666667
115,o_360610030014,1358.428377,1085.612,0,20.01666667,18.36666667,2.55
116,o_360610030021,1092.447241,730.024,0,14.53333333,12.33333333,1.816666667
117,o_360610030022,884.6832411,522.26,0,11.05,8.85,5.3
118,o_360610031001,1052.725559,727.144,0,14.86666667,12.5,3.216666667
119,o_360610031002,936.3507145,444.566,0,9.183333333,7.683333333,4.866666667
120,o_360610032001,1017.577673,800.983,0,15.18333333,13.55,2.533333333
121,o_360610032002,1477.352553,344.846,0,14.2,5.833333333,1.016666667
122,o_360610032003,1092.266101,821.263,0,15.9,14.06666667,7.933333333
123,o_360610032004,1077.680241,715.257,0,14.36666667,12.16666667,1.983333333
124,o_360610032005,1012.055101,741.052,0,14.45,12.61666667,9.383333333
125,o_360610032006,1345.769796,667.605,0,16.31666667,11.3,1.916666667
126,o_360610032007,1189.118521,877.332,0,17.16666667,14.88333333,1.066666667
127,o_360610033001,1489.207998,756.98,0,17.6,13,1.3
128,o_360610033002,1766.144481,429.38,1,14.25,7.366666667,5.65
129,o_360610033003,1137.466559,811.885,0,16.25,13.88333333,4.85
130,o_360610033004,1310.645559,985.064,0,19.16666667,16.8,1.933333333
131,o_360610034001,741.248589,429.462,0,9.25,7.25,6.4
132,o_360610034002,911.838521,600.052,0,12.41666667,10.13333333,5.816666667
133,o_360610034003,808.584589,496.798,0,10.41666667,8.416666667,5.233333333
134,o_360610034004,848.5978873,620.204,0,11.98333333,10.43333333,2.983333333
135,o_360610036011,715.4922411,353.069,0,8.133333333,5.933333333,3.233333333
136,o_360610036012,789.2842411,426.861,0,9.4,7.2,1.966666667
137,o_360610036013,976.0957897,707.215,0,14.2,12.03333333,2.833333333
138,o_360610036021,763.1407897,494.26,0,10.46666667,8.3,6.566666667
139,o_360610036022,747.9627897,479.082,0,10.21666667,8.05,6.816666667
140,o_360610037001,2086.324429,772.989,1,16.76666667,13.05,8.2
141,o_360610037002,1301.564996,147.068,0,5.45,2.45,2.2
142,o_360610037003,1576.832996,422.336,0,10.11666667,7.116666667,3.533333333
143,o_360610038001,859.4164873,738.842,0,13.26666667,12.43333333,2.683333333
144,o_360610038002,1055.920182,809.027,0,15.2,13.61666667,7.5
145,o_360610038003,817.8437897,548.963,0,11.35,9.183333333,5.683333333
146,o_360610038004,1106.694403,876.31,0,16.61666667,14.78333333,3.033333333
147,o_360610038005,999.0084033,768.624,0,14.8,12.96666667,4.85
148,o_360610038006,1199.042182,952.149,0,17.61666667,16.03333333,5.083333333
149,o_360610038007,1057.610646,863.561,0,15.76666667,14.63333333,3.5
150,o_360610039001,2170.231292,1296.699,0,24.81666667,22.31666667,3.483333333
151,o_360610039002,1799.632826,1223.395,0,22.81666667,20.81666667,1.033333333
152,o_360610039003,1533.764464,674.632,0,17.08333333,11.7,1.816666667
153,o_360610039004,1632.724091,574.005,0,16.5,9.866666667,2.4
154,o_360610040011,1011.381646,817.332,0,14.95,13.81666667,4.316666667
155,o_360610040012,673.5456455,479.496,0,9.233333333,8.1,2.033333333
156,o_360610040013,884.2134115,643.853,0,12.76666667,10.86666667,1.05
157,o_360610040021,715.8676455,521.818,0,9.95,8.816666667,1.316666667
158,o_360610040022,320.0345593,108.267,0,3.233333333,1.783333333,6.233333333
159,o_360610040023,891.2842451,726.096,0,13.38333333,12.23333333,1.266666667
160,o_360610040024,762.8962451,597.708,0,11.2,10.05,3.45
161,o_360610041001,1116.296439,703.406,0,14.51666667,12,3.15
162,o_360610041002,1291.690201,1089.865,0,19.48333333,18.58333333,1.3
163,o_360610041003,853.9323907,617.516,0,11.93333333,10.45,11.2
164,o_360610041004,2166.12256,862.637,0,18.08333333,14.58333333,1.8
165,o_360610041005,1355.757808,889.521,0,16.61666667,15.11666667,2.283333333
166,o_360610041006,1483.987741,1028.376,0,18.43333333,17.43333333,5.366666667
167,o_360610042001,824.3124873,703.738,0,12.7,11.86666667,3.25
168,o_360610042002,701.9008154,444.433,0,9.25,7.466666667,4.85
169,o_360610042003,916.9998154,659.532,0,12.88333333,11.1,1.216666667
170,o_360610043001,741.7450611,546.916,0,10.56666667,9.316666667,2.05
171,o_360610043002,798.6450611,603.816,0,11.48333333,10.23333333,1.133333333
172,o_360610043003,1415.790741,960.179,0,17.26666667,16.26666667,1.633333333
173,o_360610044001,1388.102646,1194.053,0,21.48333333,20.35,1.55
174,o_360610044002,1680.974,603.405,1,15.75,10.21666667,8
175,o_360610044003,1193.289521,881.503,0,17.26666667,14.98333333,5.083333333
176,o_360610044004,1079.897155,859.4,0,15.88333333,14.56666667,2.633333333
177,o_360610044005,1038.856589,727.07,0,14.4,12.4,5.366666667
178,o_360610044006,1150.954085,1026.322,0,18.16666667,17.53333333,4.583333333
179,o_360610044007,979.2701547,758.773,0,14.21666667,12.9,4.3
180,o_360610044008,1209.540774,982.722,0,17.95,16.6,1.483333333
181,o_360610044009,941.060589,629.274,0,12.71666667,10.71666667,7.05
182,o_360610045001,1660.764741,1205.153,0,21.43333333,20.43333333,2.366666667
183,o_360610047001,1936.034741,1480.423,0,26.1,25.1,3.7
184,o_360610047002,1637.125808,1170.889,0,21.31666667,19.81666667,3.583333333
185,o_360610048001,542.4561547,321.959,0,6.75,5.433333333,3.766666667
186,o_360610048002,576.9001547,356.403,0,7.35,6.033333333,3.166666667
187,o_360610048003,461.5206455,267.471,0,5.666666667,4.533333333,5.6
188,o_360610048004,586.8006455,392.751,0,7.716666667,6.583333333,3.55
189,o_360610048005,529.8896455,335.84,0,6.8,5.666666667,4.466666667
190,o_360610048006,536.0801547,315.583,0,6.65,5.333333333,3.866666667
191,o_360610048007,572.0901547,351.593,0,7.316666667,6,3.2
192,o_360610049001,1733.499741,1277.888,0,22.68333333,21.68333333,1.116666667
193,o_360610049002,1663.001722,1512.465,0,26.61666667,25.73333333,1.85
194,o_360610049003,1692.971996,538.475,0,12.15,9.15,1.5
195,o_360610050001,880.6541547,660.157,0,12.43333333,11.11666667,6.083333333
196,o_360610050002,645.4575553,224.011,0,6.65,3.75,2.816666667
197,o_360610050003,664.0066455,469.957,0,9.116666667,7.983333333,2.15
198,o_360610050004,812.8896455,618.84,0,11.56666667,10.43333333,3.466666667
199,o_360610050005,686.2261547,465.729,0,9.183333333,7.866666667,1.333333333
200,o_360610052001,1119.726764,831.375,0,16.11666667,14.06666667,1.1
201,o_360610052002,1487.302903,924.447,0,18.55,15.63333333,2.233333333
202,o_360610054001,1116.600496,905.078,0,16.23333333,15.25,2.2
203,o_360610054002,1837.713318,719.337,1,14.58333333,12.08333333,5.3
204,o_360610054003,1038.19191,881.461,0,15.6,14.78333333,2.05
205,o_360610055011,1412.780741,957.169,0,17.2,16.2,1.7
206,o_360610055012,1443.45079,1174.57,0,21.98333333,19.81666667,3.05
207,o_360610055013,1539.39679,1270.516,0,23.58333333,21.41666667,1.45
208,o_360610055021,941.2697897,672.389,0,13.51666667,11.35,3.516666667
209,o_360610055022,1071.77479,802.894,0,15.7,13.53333333,1.333333333
210,o_360610056001,1647.294045,1230.603,0,22.76666667,20.76666667,2.25
211,o_360610056002,1315.464704,1103.886,0,19.98333333,18.63333333,1.566666667
212,o_360610056003,1127.321155,906.824,0,16.63333333,15.31666667,1.883333333
213,o_360610057001,860.9472451,695.759,0,12.9,11.75,1.75
214,o_360610057002,1642.619793,1090.031,0,19.98333333,18.48333333,1.816666667
215,o_360610058001,1844.836838,1217.958,0,22.31666667,20.81666667,1.3
216,o_360610058002,1621.829155,1401.332,0,25.13333333,23.81666667,1.383333333
217,o_360610058003,1316.34136,522.996,0,10.78333333,8.783333333,3.366666667
218,o_360610059001,1240.719473,1083.151,0,19.11666667,18.3,1.666666667
219,o_360610059002,1368.269144,1210.701,0,21.3,20.5,3.333333333
220,o_360610059003,1446.685433,1287.847,0,22.53333333,21.81666667,1.433333333
221,o_360610059004,1042.639847,877.452,0,15.86666667,14.81666667,5.433333333
222,o_360610059005,1013.894847,848.707,0,15.38333333,14.33333333,5.916666667
223,o_360610060001,712.5633375,587.932,0,10.66666667,10.03333333,3.083333333
224,o_360610060002,1376.483569,1152.618,0,20.58333333,19.55,2.116666667
225,o_360610060003,1084.435428,642.945,0,13.21666667,10.96666667,7.966666667
226,o_360610061001,1087.598473,930.03,0,16.53333333,15.71666667,4.25
227,o_360610061002,1053.956764,765.605,0,14.98333333,12.93333333,2.233333333
228,o_360610061003,720.5775482,508.81,0,9.85,8.533333333,3.333333333
229,o_360610062001,674.752551,514.417,0,9.533333333,8.7,2.033333333
230,o_360610062002,878.7507485,243.86,0,6.6,4.116666667,14.05
231,o_360610062003,7859.823175,1641.025,2,42.8,27.66666667,12.95
232,o_360610063001,1013.63891,856.908,0,15.18333333,14.36666667,2.466666667
233,o_360610063002,1358.123054,1084.283,0,19.85,18.2,1.616666667
234,o_360610063003,1142.400771,602.323,0,11.68333333,10.18333333,1.966666667
235,o_360610063004,1132.506771,592.429,0,11.53333333,10.03333333,2.116666667
236,o_360610063005,1089.961771,549.884,0,10.85,9.35,2.8
237,o_360610064001,601.9487738,375.13,0,7.65,6.3,3.783333333
238,o_360610064002,672.5507738,445.732,0,8.833333333,7.483333333,2.6
239,o_360610064003,615.2321547,394.735,0,8,6.683333333,2.516666667
240,o_360610064004,711.0467738,484.228,0,9.5,8.15,1.933333333
241,o_360610064005,553.7573375,429.126,0,7.9,7.266666667,5.85
242,o_360610064006,506.1633375,381.532,0,7.1,6.466666667,6.65
243,o_360610065001,1112.563771,572.486,0,11.21666667,9.716666667,2.433333333
244,o_360610065002,1127.630771,587.553,0,11.45,9.95,2.2
245,o_360610065003,1647.035996,492.539,0,11.35,8.35,2.3
246,o_360610065004,2759.164108,987.485,0,20.65,16.65,1.066666667
247,o_360610065005,1560.154204,861.238,1,16.75,14.53333333,8.216666667
248,o_360610066001,870.9989458,594.871,0,11.61666667,9.983333333,6.516666667
249,o_360610066002,889.6829458,613.555,0,11.95,10.31666667,6.183333333
250,o_360610066003,1028.251946,752.124,0,14.3,12.66666667,3.833333333
251,o_360610066004,1134.820946,858.693,0,16.11666667,14.48333333,2.016666667
252,o_360610066005,1185.097946,908.97,0,16.96666667,15.33333333,1.166666667
253,o_360610066006,603.8973375,479.266,0,8.766666667,8.133333333,1.966666667
254,o_360610066007,643.3303375,518.699,0,9.416666667,8.783333333,1.316666667
255,o_360610066008,523.395551,363.06,0,6.983333333,6.15,1.566666667
256,o_360610066009,755.6969324,561.725,0,10.63333333,9.483333333,3.033333333
257,o_360610067001,955.3077711,415.23,0,8.483333333,6.983333333,2.15
258,o_360610067002,1438.684996,284.188,0,7.833333333,4.833333333,2.8
259,o_360610067003,980.0357711,439.958,0,8.916666667,7.416666667,1.716666667
260,o_360610067004,1585.2958,302.959,1,8.616666667,5.083333333,3.016666667
261,o_360610068001,1439.224045,1022.533,0,19.25,17.25,2.75
262,o_360610068002,942.5557738,715.737,0,13.38333333,12.03333333,3.033333333
263,o_360610068003,897.6367738,670.818,0,12.6,11.25,3.816666667
264,o_360610068004,811.29422,524.448,0,10.73333333,8.85,1.7
265,o_360610068005,1075.779704,864.201,0,15.93333333,14.58333333,3.633333333
266,o_360610068006,1120.802946,844.675,0,15.81666667,14.18333333,2.316666667
267,o_360610069001,1076.12223,937.214,0,17.01666667,15.96666667,9
268,o_360610069002,1565.085204,866.169,1,16.83333333,14.61666667,5.116666667
269,o_360610069003,1340.27723,1201.369,0,21.5,20.45,4.516666667
270,o_360610069004,2381.768225,1767.349,0,31.45,29.95,3.533333333
271,o_360610070011,1025.675946,749.548,0,14.23333333,12.6,3.9
272,o_360610070012,829.3328198,595.049,0,11.51666667,10.13333333,3.066666667
273,o_360610070013,902.3368198,668.053,0,12.75,11.36666667,1.833333333
274,o_360610070014,692.7152403,410.667,0,8.383333333,6.933333333,5.233333333
275,o_360610070021,816.8048198,582.521,0,11.25,9.866666667,3.333333333
276,o_360610070022,1033.255946,757.128,0,14.35,12.71666667,3.783333333
277,o_360610070023,949.0708198,714.787,0,13.51666667,12.13333333,1.066666667
278,o_360610070024,970.9514293,755.995,0,13.93333333,12.76666667,5.4
279,o_360610071001,849.1880535,575.348,0,11.28333333,9.633333333,7.166666667
280,o_360610071002,1088.422054,814.582,0,15.3,13.65,3.15
281,o_360610071003,1171.429054,897.589,0,16.76666667,15.11666667,1.683333333
282,o_360610071004,893.8547711,353.777,0,7.466666667,5.966666667,3.166666667
283,o_360610071005,1733.033161,694.855,0,14.16666667,11.66666667,1.533333333
284,o_360610072001,1138.672429,923.716,0,16.75,15.58333333,2.583333333
285,o_360610072002,1180.88282,946.599,0,17.38333333,16,5.2
286,o_360610072003,1070.412932,876.441,0,15.9,14.75,5.766666667
287,o_360610072004,1133.298946,857.171,0,16.05,14.41666667,2.083333333
288,o_360610072005,1127.751313,820.872,0,15.96666667,13.81666667,5.25
289,o_360610072006,1012.003313,705.124,0,14.05,11.9,7.166666667
290,o_360610072007,1016.916313,710.037,0,14.11666667,11.96666667,7.1
291,o_360610073001,960.4927711,420.415,0,8.616666667,7.116666667,2.016666667
292,o_360610073002,2002.142225,1387.723,0,25.2,23.7,1.3
293,o_360610073003,1976.799225,1362.38,0,24.71666667,23.21666667,1.783333333
294,o_360610073004,1841.745225,1227.326,0,22.46666667,20.96666667,4.033333333
295,o_360610073005,911.5187711,371.441,0,7.816666667,6.316666667,2.816666667
296,o_360610073006,1965.696225,1351.277,0,24.58333333,23.08333333,1.916666667
297,o_360610074001,1405.00882,1170.725,0,21.13333333,19.75,2.566666667
298,o_360610074002,1442.497946,1166.37,0,21.25,19.61666667,4.883333333
299,o_360610074003,1597.669946,1321.542,0,23.86666667,22.23333333,2.266666667
300,o_360610074004,1314.74582,1080.462,0,19.71666667,18.33333333,2.866666667
301,o_360610074005,1278.372066,964.367,0,18.4,16.2,5.833333333
302,o_360610075001,1541.797204,842.881,1,16.5,14.28333333,5.45
303,o_360610075002,1305.662771,765.585,0,14.46666667,12.96666667,2.166666667
304,o_360610075003,1219.583796,1111.928,0,19.73333333,18.93333333,7.633333333
305,o_360610076001,1378.252066,1064.247,0,20.08333333,17.88333333,4.15
306,o_360610076002,1785.481977,1316.801,0,23.81666667,22.31666667,1.783333333
307,o_360610077001,991.3712115,583.923,0,10.85,9.85,1.716666667
308,o_360610077002,1258.442159,699.254,0,13.28333333,11.78333333,2.583333333
309,o_360610077003,1236.946159,677.758,0,12.98333333,11.48333333,2.883333333
310,o_360610077004,993.6576996,348.518,0,9.783333333,5.833333333,2.433333333
311,o_360610077005,1180.425054,906.585,0,16.91666667,15.26666667,1.533333333
312,o_360610078001,1213.20966,1010.416,0,18.21666667,17.11666667,5.233333333
313,o_360610078002,700.7714293,485.815,0,9.366666667,8.2,1.966666667
314,o_360610078003,683.0294293,468.073,0,9.05,7.883333333,2.283333333
315,o_360610078004,755.7204293,540.764,0,10.3,9.133333333,1.033333333
316,o_360610078005,730.0324293,515.076,0,9.85,8.683333333,1.483333333
317,o_360610078006,714.6194293,499.663,0,9.716666667,8.55,1.616666667
318,o_360610078007,830.9344293,615.978,0,11.7,10.53333333,7.633333333
319,o_360610079001,1201.478433,1042.64,0,18.31666667,17.6,2.633333333
320,o_360610079002,1421.45023,1282.542,0,22.83333333,21.78333333,3.183333333
321,o_360610079003,1187.259443,898.269,0,16.95,15.18333333,1.516666667
322,o_360610079004,782.5270185,585.226,0,10.48333333,9.916666667,5.583333333
323,o_360610080001,1110.882429,895.926,0,16.31666667,15.15,3.016666667
324,o_360610080002,854.0564293,639.1,0,11.93333333,10.76666667,7.4
325,o_360610080003,880.0784293,665.122,0,12.36666667,11.2,6.966666667
326,o_360610080004,971.5794293,756.623,0,13.91666667,12.75,5.416666667
327,o_360610080005,1359.304613,756.111,0,16.03333333,12.75,3.3
328,o_360610080006,1137.195429,922.239,0,16.73333333,15.56666667,2.6
329,o_360610081001,926.3994961,714.877,0,13.08333333,12.1,2.333333333
330,o_360610081002,900.4544961,688.932,0,12.61666667,11.63333333,2.8
331,o_360610081003,872.3452115,464.897,0,8.8,7.8,2.333333333
332,o_360610081004,1723.732318,605.356,1,12.68333333,10.18333333,4.183333333
333,o_360610081005,849.2902115,441.842,0,8.4,7.4,2.733333333
334,o_360610081006,932.8932115,525.445,0,9.833333333,8.833333333,1.3
335,o_360610082001,1281.102313,974.223,0,18.61666667,16.46666667,2.6
336,o_360610082002,1914.489811,827.382,1,19.76666667,13.95,3.816666667
337,o_360610082003,1128.115429,913.159,0,16.53333333,15.36666667,2.8
338,o_360610083001,1409.771607,704.891,0,14.86666667,11.93333333,1.2
339,o_360610083002,2096.861932,518.606,1,12.21666667,8.716666667,5.416666667
340,o_360610083003,1307.595211,900.147,0,16.11666667,15.11666667,1.016666667
341,o_360610084001,2030.120595,764.014,1,20.33333333,12.96666667,3.25
342,o_360610084002,1606.351429,1391.395,0,24.63333333,23.46666667,4.7
343,o_360610086011,559.3508536,243.687,0,6.116666667,4.116666667,1.516666667
344,o_360610086012,4111.384672,1368.272,1,31.41666667,23.13333333,8.916666667
345,o_360610086013,1132.912429,917.956,0,16.75,15.58333333,2.583333333
346,o_360610086021,1777.814429,1562.858,0,27.66666667,26.5,1.666666667
347,o_360610086031,1480.625831,764.071,0,17.4,12.9,1.216666667
348,o_360610086032,1672.281105,519.034,0,15.4,8.75,3.216666667
349,o_360610086033,1720.039105,566.792,0,16.18333333,9.533333333,2.433333333
350,o_360610086034,1865.093005,482.084,0,15.91666667,8.133333333,2.7
351,o_360610087001,763.9474961,552.425,0,10.26666667,9.283333333,5.15
352,o_360610087002,839.2974961,627.775,0,11.56666667,10.58333333,3.85
353,o_360610087003,840.6914961,629.169,0,11.61666667,10.63333333,3.8
354,o_360610087004,764.7134961,553.191,0,10.31666667,9.333333333,5.1
355,o_360610087005,777.7204961,566.198,0,10.55,9.566666667,4.866666667
356,o_360610087006,837.1194961,625.597,0,11.56666667,10.58333333,3.85
357,o_360610088001,1071.161429,856.205,0,15.65,14.48333333,3.683333333
358,o_360610088002,890.2764293,675.32,0,12.6,11.43333333,6.733333333
359,o_360610088003,941.4244293,726.468,0,13.5,12.33333333,5.833333333
360,o_360610088004,907.8594293,692.903,0,12.95,11.78333333,6.383333333
361,o_360610088005,1282.76966,1079.976,0,19.45,18.35,4
362,o_360610088006,1115.432429,900.476,0,16.5,15.33333333,2.833333333
363,o_360610088007,1076.254429,861.298,0,15.78333333,14.61666667,3.55
364,o_360610089001,1038.495496,826.973,0,14.9,13.91666667,5.516666667
365,o_360610089002,952.4632115,545.015,0,10.11666667,9.116666667,1.016666667
366,o_360610089003,1296.919496,1085.397,0,19.28333333,18.3,1.133333333
367,o_360610089004,1456.502258,1052.549,0,19.85,17.7,1.1
368,o_360610089005,1114.440496,902.918,0,16.18333333,15.2,4.233333333
369,o_360610090001,1292.92666,1090.133,0,19.58333333,18.48333333,3.866666667
370,o_360610090002,1350.50266,1147.709,0,20.6,19.5,2.85
371,o_360610090003,1483.537904,870.435,0,18.1,14.76666667,5.35
372,o_360610090004,1615.713904,1002.611,0,20.3,16.96666667,3.15
373,o_360610090005,1541.142904,928.04,0,19.08333333,15.75,4.366666667
374,o_360610090006,1466.407904,853.305,0,17.78333333,14.45,5.666666667
375,o_360610090007,1300.38566,1097.592,0,19.75,18.65,3.7
376,o_360610091001,1085.020689,549.552,0,11.76666667,9.266666667,3.65
377,o_360610091002,1026.072148,640.175,0,11.81666667,10.81666667,1.983333333
378,o_360610091003,1048.355148,662.458,0,12.16666667,11.16666667,1.633333333
379,o_360610091004,993.8621482,607.965,0,11.25,10.25,2.55
380,o_360610091005,1159.013689,623.545,0,13.05,10.55,4.1
381,o_360610091006,1163.692689,628.224,0,13.1,10.6,4.05
382,o_360610092001,1431.786326,762.399,0,16.11666667,12.88333333,3.2
383,o_360610092002,1671.71966,1468.926,0,25.98333333,24.88333333,4.2
384,o_360610092003,1670.05266,1467.259,0,26.01666667,24.91666667,4.166666667
385,o_360610093001,1421.929148,1036.032,0,18.46666667,17.46666667,1.333333333
386,o_360610093002,1281.231148,895.334,0,16.06666667,15.06666667,3.733333333
387,o_360610093003,1803.290607,1098.41,0,21.58333333,18.65,2.216666667
388,o_360610093004,1639.557689,1104.089,0,21.05,18.55,3.1
389,o_360610093005,1646.183689,1110.715,0,21.25,18.75,2.9
390,o_360610093006,1708.670689,1173.202,0,22.25,19.75,1.9
391,o_360610093007,1822.969607,1118.089,0,21.88333333,18.95,1.916666667
392,o_360610094001,2001.391326,1332.004,0,25.75,22.51666667,2.566666667
393,o_360610094002,1912.740904,1299.638,0,25.45,22.11666667,4.733333333
394,o_360610095001,1390.851461,606.838,0,12.23333333,10.23333333,1.566666667
395,o_360610095002,1390.900461,606.887,0,12.21666667,10.21666667,1.583333333
396,o_360610096001,2207.401518,1177.044,1,24.9,19.91666667,4.416666667
397,o_360610096002,2141.871323,1536.95,0,27.91666667,25.91666667,4.133333333
398,o_360610097001,1691.321461,907.308,0,17.26666667,15.26666667,2.533333333
399,o_360610097002,1930.084808,1083.741,0,22.15,18.23333333,2
400,o_360610097003,2135.245289,1046.068,0,22.75,17.75,1.05
401,o_360610097004,2355.516925,762.958,0,15.33333333,12.83333333,2.033333333
402,o_360610098001,1805.310377,1497.213,0,27.9,25.31666667,3.25
403,o_360610098002,2356.742906,1668.804,0,29.61666667,28.11666667,2.1
404,o_360610098003,1716.746465,830.169,0,18.86666667,14.05,1.316666667
405,o_360610098004,1770.110198,451.109,0,13.93333333,7.566666667,5.383333333
406,o_360610098005,1951.247628,520.258,0,13.78333333,8.8,6.35
407,o_360610098006,1606.078105,452.831,0,14.3,7.65,1.05
408,o_360610098007,1634.493663,869.958,0,17.35,14.68333333,2.783333333
409,o_360610099011,1955.813624,1099.374,0,22.33333333,18.58333333,1.466666667
410,o_360610099012,2105.308602,1831.068,0,32.25,30.9,4
411,o_360610099021,4425.774582,680.333,1,17.96666667,11.46666667,5.9
412,o_360610099022,2530.140249,1742.339,0,34.21666667,29.38333333,1.95
413,o_360610099031,2751.501355,1077.986,0,27.2,18.23333333,2.416666667
414,o_360610099032,4140.981582,395.54,1,13.21666667,6.716666667,5.15
415,o_360610100001,2315.478465,1428.901,0,28.98333333,24.16666667,1.2
416,o_360610100002,2621.84398,1221.055,0,23.55,20.55,4.5
417,o_360610101001,1735.999925,143.441,0,4.9,2.4,3.283333333
418,o_360610102001,2869.535404,1019.554,1,23.8,17.21666667,6.933333333
419,o_360610102002,2562.139198,1243.138,0,27.28333333,20.91666667,1.033333333
420,o_360610103001,2394.652925,802.094,0,16.06666667,13.56666667,1.3
421,o_360610103002,2118.023925,525.465,0,11.4,8.9,3.466666667
422,o_360610104001,1897.193578,1256.493,0,24.65,21.3,3.216666667
423,o_360610106011,908.3002542,721.406,0,13.33333333,12.13333333,3.4
424,o_360610106012,1226.145831,509.591,0,13.08333333,8.583333333,2.266666667
425,o_360610106013,1231.577831,515.023,0,13.18333333,8.683333333,2.166666667
426,o_360610106014,1394.139175,477.212,0,13.53333333,8.05,1.816666667
427,o_360610106015,1579.538915,746.42,0,18.38333333,12.63333333,2.016666667
428,o_360610106016,1384.386467,1076.322,0,20.56666667,18.21666667,4.133333333
429,o_360610106021,851.8517348,429.792,0,10.15,7.283333333,1.566666667
430,o_360610106022,1035.182732,833.716,0,15.71666667,14.2,1.95
431,o_360610106023,905.8872542,718.993,0,13.3,12.1,3.433333333
432,o_360610106024,1062.928254,876.034,0,15.95,14.75,4.1
433,o_360610108011,1925.929757,567.948,0,19.01666667,9.6,1.383333333
434,o_360610108012,1390.454175,473.527,0,13.46666667,7.983333333,1.883333333
435,o_360610108013,1416.600175,499.673,0,13.9,8.416666667,1.45
436,o_360610108021,1071.529942,708.93,0,14.31666667,12.05,1.033333333
437,o_360610108022,1222.680831,506.126,0,13.01666667,8.516666667,2.333333333
438,o_360610108023,1257.833831,541.279,0,13.61666667,9.116666667,1.733333333
439,o_360610108031,1844.657757,486.676,0,17.65,8.233333333,2.75
440,o_360610108032,1818.851757,460.87,0,17.2,7.783333333,3.2
441,o_360610109001,1857.52744,1522.204,0,28.53333333,25.73333333,6.466666667
442,o_360610110001,789.7616012,598.318,0,11.26666667,10.06666667,1.3
443,o_360610110002,1304.308153,1055.94,0,19.65,17.93333333,2.816666667
444,o_360610110003,1234.071199,1055.719,0,19.3,17.8,2.15
445,o_360610110004,729.1496012,537.706,0,10.26666667,9.066666667,5.083333333
446,o_360610110005,810.6456012,619.202,0,11.63333333,10.43333333,3.716666667
447,o_360610110006,927.3236012,735.88,0,13.63333333,12.43333333,1.716666667
448,o_360610111001,3291.829242,1054.605,1,23.25,17.83333333,4.716666667
449,o_360610111002,2496.853448,427.339,1,12.86666667,7.266666667,5.5
450,o_360610111003,2208.256012,1932.08,0,34.28333333,32.86666667,4.55
451,o_360610112011,1411.032648,1232.859,0,22.23333333,20.76666667,2.716666667
452,o_360610112021,2598.500196,1158.961,1,24,19.48333333,4.6
453,o_360610112031,1981.215795,435.542,0,18.15,7.416666667,2.25
454,o_360610112032,1950.941877,407.55,0,17.71666667,6.883333333,1.433333333
455,o_360610113001,2346.805658,1116.764,0,22.43333333,18.93333333,3.116666667
456,o_360610114011,2121.490084,1140.398,0,21.2,19.2,6.4
457,o_360610114012,1602.60796,879.348,0,18.88333333,14.9,2.466666667
458,o_360610114021,1949.777084,968.685,0,18.3,16.3,1.3
459,o_360610114022,1714.109075,1001.259,0,18.36666667,16.86666667,6.016666667
460,o_360610115001,2198.91697,1088.816,0,24.08333333,18.41666667,2.616666667
461,o_360610115002,1751.113904,335.765,1,13.55,5.683333333,4.25
462,o_360610116001,504.119497,316.311,0,6.583333333,5.366666667,1.816666667
463,o_360610116002,696.551497,508.743,0,9.816666667,8.6,1.9
464,o_360610116003,870.7687348,448.709,0,10.45,7.583333333,1.266666667
465,o_360610117001,1744.515904,329.167,1,13.48333333,5.616666667,4.316666667
466,o_360610117002,1942.353123,1636.071,0,29.53333333,27.86666667,1.55
467,o_360610117003,2028.54689,1475.805,0,28.01666667,25.08333333,3.066666667
468,o_360610118001,900.3263414,752.447,0,14.08333333,12.65,5.466666667
469,o_360610118002,589.4326678,306.284,0,8.533333333,5.15,2.45
470,o_360610118003,919.5932116,691.191,0,13.85,11.63333333,1.733333333
471,o_360610118004,671.0076012,479.564,0,9.35,8.15,3.216666667
472,o_360610118005,956.305008,804.493,0,14.66666667,13.61666667,1.866666667
473,o_360610118006,1319.106153,1070.738,0,19.88333333,18.16666667,2.583333333
474,o_360610118007,785.9996012,594.556,0,11.23333333,10.03333333,1.333333333
475,o_360610118008,706.7316012,515.288,0,9.85,8.65,2.716666667
476,o_360610119001,2621.010658,1390.969,0,26.1,23.6,1.45
477,o_360610119002,1853.12984,1299.422,0,24.78333333,21.95,1.916666667
478,o_360610120001,1155.544896,1022.268,0,18.2,17.26666667,4.366666667
479,o_360610120002,1921.971084,940.879,0,17.78333333,15.78333333,1.816666667
480,o_360610120003,1919.169084,938.077,0,17.75,15.75,1.85
481,o_360610120004,864.1333116,168.634,0,4.833333333,2.833333333,3.583333333
482,o_360610121011,1954.494655,1152.342,0,23.61666667,19.51666667,3.083333333
483,o_360610121012,1794.70384,1240.996,0,23.78333333,20.95,2.916666667
484,o_360610121021,1449.198522,485.055,1,13.65,8.2,4.15
485,o_360610121022,1602.253897,397.375,1,13.5,6.733333333,4.3
486,o_360610121023,1414.587522,450.444,1,13.06666667,7.616666667,4.733333333
487,o_360610121024,1338.642466,536.087,1,13.63333333,9.083333333,4.166666667
488,o_360610122001,1311.622896,1178.346,0,20.91666667,19.98333333,3.133333333
489,o_360610122002,1377.530516,957.468,0,18.48333333,16.16666667,2.866666667
490,o_360610122003,1285.000276,1028.152,0,18.78333333,17.36666667,2.566666667
491,o_360610122004,1062.265071,897.312,0,16.1,15.18333333,2.433333333
492,o_360610124001,600.079136,417.44,0,8.25,7.066666667,4.4
493,o_360610124002,596.031136,413.392,0,8.166666667,6.983333333,1.233333333
494,o_360610124003,742.5371368,585.08,0,10.91666667,9.916666667,2.4
495,o_360610124004,714.5331879,557.407,0,11.33333333,9.45,2.283333333
496,o_360610124005,602.4355513,340.865,0,7.45,5.75,6.083333333
497,o_360610124006,855.7822582,536.882,0,11.1,9.033333333,2.05
498,o_360610124007,734.7081368,577.251,0,10.8,9.8,2.516666667
499,o_360610124008,593.2722049,392.164,0,7.966666667,6.666666667,2.05
500,o_360610125001,2187.507347,810.909,0,17.21666667,13.71666667,1.583333333
501,o_360610125002,2247.656558,983.007,0,23.1,16.63333333,1.95
502,o_360610125003,2266.713558,1002.064,0,23.43333333,16.96666667,1.616666667
503,o_360610125004,2448.827373,935.733,0,23.6,15.86666667,1.45
504,o_360610126011,3223.477214,914.527,1,18.81666667,15.31666667,7.683333333
505,o_360610126012,988.2027045,816.789,0,14.81666667,13.75,6
506,o_360610126013,981.6445513,720.074,0,13.8,12.1,1.016666667
507,o_360610126014,912.1432116,683.741,0,13.76666667,11.55,1.816666667
508,o_360610126015,1266.796001,806.934,0,16.56666667,13.56666667,2
509,o_360610126021,927.322838,789.362,0,14.31666667,13.33333333,4.516666667
510,o_360610126022,1045.232838,907.272,0,16.35,15.36666667,2.483333333
511,o_360610126023,1257.204896,1123.928,0,19.88333333,18.95,2.683333333
512,o_360610126024,675.4346678,392.286,0,9.966666667,6.583333333,1.016666667
513,o_360610127001,2318.593709,1293.888,0,27.18333333,21.93333333,3.866666667
514,o_360610127002,2383.718709,1359.013,0,28.3,23.05,2.75
515,o_360610127003,1142.2266,499.476,1,12.13333333,8.45,5.666666667
516,o_360610127004,1003.109577,831.838,0,15.21666667,14.13333333,2.583333333
517,o_360610127005,2280.166558,1015.517,0,23.66666667,17.2,1.383333333
518,o_360610128001,943.1000004,592.012,0,12.35,9.983333333,1.9
519,o_360610128002,914.023838,776.063,0,14.13333333,13.15,4.7
520,o_360610128003,877.828838,739.868,0,13.5,12.51666667,5.333333333
521,o_360610128004,838.2141393,700.253,0,12.83333333,11.85,3
522,o_360610128005,742.418838,604.458,0,11.21666667,10.23333333,7.616666667
523,o_360610129011,1575.413897,370.535,1,13.03333333,6.266666667,4.766666667
524,o_360610129012,1847.19608,1703.66,0,29.68333333,28.88333333,1.4
525,o_360610129013,1615.21408,1471.678,0,25.91666667,25.11666667,5.166666667
526,o_360610129014,1814.921747,1351.586,0,25.71666667,22.88333333,4.083333333
527,o_360610129021,1005.735577,834.464,0,15.23333333,14.15,2.566666667
528,o_360610129022,1245.176747,781.841,0,16.11666667,13.28333333,1.683333333
529,o_360610129023,1626.447577,1455.176,0,25.7,24.61666667,4.1
530,o_360610130001,970.3534334,728.669,0,14.01666667,12.31666667,1.716666667
531,o_360610130002,1404.867468,1074.5,0,19.81666667,18.21666667,3.233333333
532,o_360610130003,1151.39689,901.659,0,16.83333333,15.26666667,3.55
533,o_360610130004,1009.994223,848.464,0,15.15,14.25,2.583333333
534,o_360610131001,1991.415709,966.71,0,21.65,16.4,3.4
535,o_360610131002,1641.001038,863.397,0,16.65,14.65,2.15
536,o_360610131003,1640.667038,863.063,0,16.63333333,14.63333333,2.166666667
537,o_360610132011,775.457136,592.818,0,11.2,10.01666667,1.45
538,o_360610132012,694.296136,511.657,0,9.833333333,8.65,2.816666667
539,o_360610132013,770.482136,587.843,0,11.1,9.916666667,1.55
540,o_360610132021,565.7708023,338.533,0,7.2,5.716666667,1.216666667
541,o_360610132022,1039.922561,826.677,0,15.46666667,13.95,2.966666667
542,o_360610132023,1060.091561,846.846,0,15.8,14.28333333,2.633333333
543,o_360610132031,566.7138023,339.476,0,7.2,5.716666667,1.216666667
544,o_360610132032,1147.488561,934.243,0,17.26666667,15.75,1.166666667
545,o_360610132033,559.1728023,331.935,0,7.066666667,5.583333333,1.35
546,o_360610133001,2054.481709,1029.776,0,22.71666667,17.46666667,2.333333333
547,o_360610133002,1335.204991,1021.441,0,18.85,17.23333333,1.85
548,o_360610133003,843.490577,672.219,0,12.53333333,11.45,5.266666667
549,o_360610133004,945.8710385,652.398,0,12.75,11.15,1.683333333
550,o_360610133005,971.6070385,678.134,0,13.13333333,11.53333333,1.3
551,o_360610134001,1235.852271,856.207,0,17.13333333,14.45,1.7
552,o_360610134002,1206.560271,826.915,0,16.63333333,13.95,2.2
553,o_360610134003,1016.663156,777.764,0,15.08333333,13.06666667,1.316666667
554,o_360610134004,982.7442894,584.481,0,12.65,9.866666667,1.583333333
555,o_360610134005,1104.787575,973.614,0,17.31666667,16.36666667,4.85
556,o_360610134006,957.3010004,606.213,0,12.61666667,10.25,1.633333333
557,o_360610134007,1402.799156,1163.9,0,21.6,19.58333333,2.8
558,o_360610134008,3396.561214,1087.611,1,21.78333333,18.28333333,4.566666667
559,o_360610134009,1241.342156,1002.443,0,18.85,16.83333333,5.55
560,o_360610135011,959.741577,788.47,0,14.46666667,13.38333333,3.333333333
561,o_360610135012,753.317577,582.046,0,10.96666667,9.883333333,6.833333333
562,o_360610135013,788.0922526,588.065,0,11.08333333,9.983333333,4.133333333
563,o_360610135014,1165.962747,702.627,0,14.81666667,11.98333333,2.983333333
564,o_360610135021,766.1262526,566.099,0,10.73333333,9.633333333,4.483333333
565,o_360610135022,975.9762968,740.236,0,14.06666667,12.51666667,3.05
566,o_360610135023,965.9662968,730.226,0,13.88333333,12.33333333,3.233333333
567,o_360610135024,690.8207724,572.409,0,10.33333333,9.7,3.483333333
568,o_360610135025,1075.186577,903.915,0,16.48333333,15.4,1.316666667
569,o_360610136011,1564.714749,1309.519,0,23.75,22.1,1.3
570,o_360610136021,879.4955615,666.25,0,12.75,11.23333333,5.683333333
571,o_360610136022,1151.824561,938.579,0,17.35,15.83333333,1.083333333
572,o_360610136023,1070.871561,857.626,0,15.98333333,14.46666667,2.45
573,o_360610136031,1101.456561,888.211,0,16.51666667,15,1.916666667
574,o_360610136032,1447.893156,1208.994,0,22.35,20.33333333,2.05
575,o_360610136033,1366.798156,1127.899,0,20.98333333,18.96666667,3.416666667
576,o_360610136041,1275.424487,1131.098,0,20.06666667,19.06666667,1.533333333
577,o_360610136042,1538.564749,1283.369,0,23.35,21.7,1.7
578,o_360610136043,1795.619731,1509.295,0,27.41666667,25.4,1.183333333
579,o_360610136044,1457.917749,1202.722,0,21.98333333,20.33333333,3.066666667
580,o_360610137001,1244.633648,1066.46,0,19.41666667,17.95,5.533333333
581,o_360610137002,1222.78699,574.04,0,13.31666667,9.783333333,1.116666667
582,o_360610137003,1272.407648,1094.234,0,19.93333333,18.46666667,5.016666667
583,o_360610137004,1040.710759,819.03,0,15.56666667,13.93333333,1.616666667
584,o_360610137005,951.4878218,305.261,0,8.583333333,5.216666667,3.683333333
585,o_360610137006,1047.227822,401.001,0,10.2,6.833333333,2.066666667
586,o_360610138001,1386.975713,641.506,0,12.78333333,10.78333333,3.633333333
587,o_360610138002,1103.465236,926.038,0,16.91666667,15.71666667,3.333333333
588,o_360610138003,890.0378482,769.655,0,13.98333333,12.95,1.183333333
589,o_360610138004,1516.788713,771.319,0,14.98333333,12.98333333,1.433333333
590,o_360610138005,1282.466156,1043.567,0,19.58333333,17.56666667,4.816666667
591,o_360610138006,2300.036462,1145.561,0,21.28333333,19.28333333,4.066666667
592,o_360610138007,1173.927156,935.028,0,17.75,15.73333333,6.65
593,o_360610138008,970.4693141,769.823,0,14.61666667,12.98333333,1.433333333
594,o_360610138009,823.5188482,703.136,0,12.85,11.81666667,2.316666667
595,o_360610139001,1292.194836,715.095,0,15.86666667,12.06666667,1.25
596,o_360610139002,840.9639439,570.504,0,11.5,9.616666667,2.283333333
597,o_360610139003,798.285191,504.812,0,10.15,8.616666667,2.116666667
598,o_360610139004,929.4020385,635.929,0,12.38333333,10.78333333,2.05
599,o_360610139005,849.437191,555.964,0,10.96666667,9.433333333,1.3
600,o_360610139006,726.177191,432.704,0,8.883333333,7.35,3.383333333
601,o_360610139007,678.070191,384.597,0,8.033333333,6.5,4.233333333
602,o_360610140001,1163.341713,417.872,0,9.083333333,7.083333333,1.333333333
603,o_360610140002,877.2669131,615.518,0,12.23333333,10.4,2
604,o_360610140003,793.7932584,616.366,0,11.6,10.4,2.65
605,o_360610140004,834.7279131,572.979,0,11.55,9.716666667,2.683333333
606,o_360610140005,836.7349131,574.986,0,11.53333333,9.7,2.7
607,o_360610140006,1163.282713,417.813,0,9.083333333,7.083333333,1.333333333
608,o_360610142001,1580.023866,1233.41,0,23.36666667,20.98333333,1.2
609,o_360610142002,784.4769298,504.587,0,10.9,8.55,1.216666667
610,o_360610142003,741.1219298,461.232,0,10.16666667,7.816666667,1.95
611,o_360610142004,725.4539298,445.564,0,9.9,7.55,2.216666667
612,o_360610142005,818.5944785,685.586,0,12.33333333,11.56666667,3.083333333
613,o_360610142006,1471.526713,726.057,0,14.23333333,12.23333333,2.183333333
614,o_360610143001,1967.778775,1453.542,0,27.01666667,24.43333333,1.35
615,o_360610144011,2642.037683,974.689,1,21.86666667,16.36666667,4.483333333
616,o_360610144012,2269.775462,1115.3,0,20.75,18.75,4.6
617,o_360610144013,1815.796952,1681.302,0,29.33333333,28.41666667,2.25
618,o_360610144014,2438.106462,1283.631,0,23.55,21.55,1.8
619,o_360610144021,1246.596952,1112.102,0,19.68333333,18.76666667,5.65
620,o_360610144022,1218.365952,1083.871,0,19.23333333,18.31666667,6.1
621,o_360610144023,1298.064952,1163.57,0,20.58333333,19.66666667,4.75
622,o_360610144024,1271.905952,1137.411,0,20.11666667,19.2,5.216666667
623,o_360610144025,1287.617613,967.648,0,17.91666667,16.38333333,2.3
624,o_360610144026,1207.821613,887.852,0,16.56666667,15.03333333,3.65
625,o_360610144027,1444.395464,1212.447,0,21.93333333,20.46666667,5.4
626,o_360610145001,921.5600385,628.087,0,12.33333333,10.73333333,2.1
627,o_360610145002,712.962191,419.489,0,8.616666667,7.083333333,3.65
628,o_360610145003,766.620191,473.147,0,9.6,8.066666667,2.666666667
629,o_360610145004,863.3377528,657.493,0,12.01666667,11.1,2.95
630,o_360610145005,1128.214055,868.113,0,16.11666667,14.76666667,3.766666667
631,o_360610146011,1135.145713,389.676,0,8.566666667,6.566666667,1.85
632,o_360610146012,2047.993462,893.518,0,17.01666667,15.01666667,8.333333333
633,o_360610146013,1303.230713,557.761,0,11.38333333,9.383333333,5.033333333
634,o_360610146014,2216.681462,1062.206,0,19.86666667,17.86666667,5.483333333
635,o_360610146021,1272.750613,952.781,0,17.65,16.11666667,2.566666667
636,o_360610146022,1152.900713,407.431,0,8.833333333,6.833333333,1.583333333
637,o_360610146023,1520.645952,1386.151,0,24.3,23.38333333,1.033333333
638,o_360610146024,1193.524613,873.555,0,16.31666667,14.78333333,3.9
639,o_360610146025,1440.752952,1306.258,0,22.95,22.03333333,2.383333333
640,o_360610146026,1429.531093,1234.588,0,22.28333333,20.95,2.166666667
641,o_360610147001,1090.058297,854.318,0,16,14.45,1.116666667
642,o_360610147002,894.7872968,659.047,0,12.65,11.1,4.466666667
643,o_360610147003,980.0472968,744.307,0,14.13333333,12.58333333,2.983333333
644,o_360610148011,965.7257127,220.256,0,5.716666667,3.716666667,4.7
645,o_360610148012,882.2097127,136.74,0,4.3,2.3,6.116666667
646,o_360610148021,1356.286563,842.05,0,16.76666667,14.18333333,2.6
647,o_360610148022,1047.201713,301.732,0,7.066666667,5.066666667,3.35
648,o_360610148023,1079.799713,334.33,0,7.633333333,5.633333333,2.783333333
649,o_360610148024,1201.103775,686.867,0,14.15,11.56666667,2.216666667
650,o_360610148025,947.5707127,202.101,0,5.4,3.4,2.25
651,o_360610149001,1101.158319,936.465,0,16.61666667,15.88333333,1.433333333
652,o_360610149002,1066.472603,821.623,0,15.51666667,14,1.816666667
653,o_360610149003,1278.583769,813.946,0,15.83333333,13.75,2.366666667
654,o_360610149004,1266.516769,801.879,0,15.68333333,13.6,2.516666667
655,o_360610149005,1058.652753,852.808,0,15.38333333,14.46666667,2.816666667
656,o_360610150011,1159.501713,414.032,0,8.966666667,6.966666667,4.683333333
657,o_360610150012,1313.460713,567.991,0,11.55,9.55,2.1
658,o_360610150021,1197.206894,468.266,0,11.66666667,7.9,1.933333333
659,o_360610150022,1159.548713,414.079,0,8.966666667,6.966666667,4.683333333
660,o_360610150023,1314.643713,569.174,0,11.58333333,9.583333333,2.066666667
661,o_360610150024,1195.721894,466.781,0,11.65,7.883333333,1.95
662,o_360610151011,1183.256624,1019.054,0,18.38333333,17.48333333,1.016666667
663,o_360610151012,1243.392297,1007.652,0,18.6,17.05,1.75
664,o_360610151013,1056.590624,892.388,0,16.16666667,15.26666667,3.233333333
665,o_360610151021,1285.365014,997.324,0,19.08333333,16.95,7.883333333
666,o_360610151022,1182.364297,946.624,0,17.58333333,16.03333333,2.766666667
667,o_360610151023,1230.960297,995.22,0,18.48333333,16.93333333,1.866666667
668,o_360610151024,803.9850106,366.326,0,9.316666667,6.183333333,1.233333333
669,o_360610152001,519.3853284,189.438,0,4.8,3.233333333,3.716666667
670,o_360610152002,587.4143284,257.467,0,5.933333333,4.366666667,2.583333333
671,o_360610152003,670.5983284,340.651,0,7.3,5.733333333,1.216666667
672,o_360610152004,978.1636135,658.194,0,12.7,11.16666667,10.75
673,o_360610152005,1091.714464,859.766,0,16.01666667,14.55,2.55
674,o_360610152006,1174.753999,844.807,0,15.78333333,14.21666667,3.733333333
675,o_360610152007,2012.18957,1692.22,0,30.06666667,28.53333333,2.383333333
676,o_360610153011,1280.851297,1056.546,0,19.53333333,17.86666667,1.6
677,o_360610153012,1361.86246,947.962,0,19.06666667,16.03333333,2.066666667
678,o_360610153013,1086.305603,841.456,0,15.85,14.33333333,1.483333333
679,o_360610153021,1649.890835,1092.712,0,20.13333333,18.63333333,4.85
680,o_360610153022,1068.526603,823.677,0,15.58333333,14.06666667,1.75
681,o_360610153023,1133.863624,969.661,0,17.56666667,16.66666667,1.833333333
682,o_360610153024,1203.941065,769.496,0,15.6,13.1,1.733333333
683,o_360610153025,1169.104624,1004.902,0,18.16666667,17.26666667,1.233333333
684,o_360610153026,988.4166025,743.567,0,14.23333333,12.71666667,3.1
685,o_360610154011,1115.090613,795.121,0,15.01666667,13.48333333,8.433333333
686,o_360610154012,1365.612738,1229.127,0,21.56666667,20.7,2.933333333
687,o_360610154013,1141.526613,821.557,0,15.46666667,13.93333333,7.983333333
688,o_360610154014,892.1115701,572.142,0,11.26666667,9.733333333,1.183333333
689,o_360610154021,1243.655738,1107.17,0,19.5,18.63333333,5
690,o_360610154022,583.0953284,253.148,0,5.816666667,4.25,2.7
691,o_360610154023,619.7513284,289.804,0,6.416666667,4.85,2.1
692,o_360610154031,1371.784669,812.536,0,16.61666667,13.7,1.983333333
693,o_360610154032,1169.942613,849.973,0,15.96666667,14.43333333,7.483333333
694,o_360610154033,1372.334669,813.086,0,16.61666667,13.7,1.983333333
695,o_360610154034,1481.277886,762.676,0,16.83333333,12.83333333,1.766666667
696,o_360610155011,1362.566073,1202.239,0,21.81666667,20.65,1.55
697,o_360610155021,1432.158014,1144.117,0,21.65,19.51666667,5.316666667
698,o_360610155022,1259.656014,971.615,0,18.73333333,16.6,8.233333333
699,o_360610155023,1374.907014,1086.866,0,20.68333333,18.55,6.283333333
700,o_360610155024,1386.912014,1098.871,0,20.83333333,18.7,6.133333333
701,o_360610155025,1071.035014,782.994,0,15.51666667,13.38333333,11.45
702,o_360610156011,695.8856346,621.252,0,11.03333333,10.51666667,1.65
703,o_360610156012,605.7803284,275.833,0,6.2,4.633333333,2.316666667
704,o_360610156013,811.964635,612.295,0,11.61666667,10.3,2.083333333
705,o_360610156014,852.353635,652.684,0,12.28333333,10.96666667,1.416666667
706,o_360610156021,504.7896346,430.156,0,7.816666667,7.3,4.866666667
707,o_360610157001,1694.75946,1280.859,0,24.71666667,21.68333333,2.416666667
708,o_360610157002,1607.499297,1383.194,0,25.1,23.43333333,2.033333333
709,o_360610157003,1860.204835,1303.026,0,23.63333333,22.13333333,1.35
710,o_360610157004,1439.990297,1215.685,0,22.25,20.58333333,4.883333333
711,o_360610157005,2056.836488,988.735,1,24.03333333,16.78333333,3.933333333
712,o_360610157006,1972.908488,904.807,1,22.61666667,15.36666667,5.35
713,o_360610157007,1938.637787,1078.687,1,24.31666667,18.35,3.65
714,o_360610157008,1662.845835,1105.667,0,20.35,18.85,4.633333333
715,o_360610158011,991.1913415,737.041,0,14.98333333,12.43333333,6.983333333
716,o_360610158012,1202.375341,948.225,0,18.56666667,16.01666667,3.4
717,o_360610158013,1197.310341,943.16,0,18.48333333,15.93333333,3.483333333
718,o_360610158014,809.0212835,618.671,0,11.18333333,10.4,2.416666667
719,o_360610158021,865.1602863,624.706,0,11.5,10.51666667,1.133333333
720,o_360610158022,746.4834329,498.573,0,10.86666667,8.416666667,1.55
721,o_360610158023,1369.90952,1157.483,0,20.9,19.51666667,1.383333333
722,o_360610159001,1620.211014,1332.17,0,24.8,22.66666667,2.166666667
723,o_360610159002,1639.033014,1350.992,0,25.11666667,22.98333333,1.85
724,o_360610159003,1604.933014,1316.892,0,24.51666667,22.38333333,2.45
725,o_360610159004,1735.828488,1300.816,0,25.41666667,22.16666667,1.55
726,o_360610159005,1635.314014,1347.273,0,25.1,22.96666667,1.866666667
727,o_360610159006,1591.408014,1303.367,0,24.35,22.21666667,2.616666667
728,o_360610159007,1463.929014,1175.888,0,22.13333333,20,4.833333333
729,o_360610160011,684.6834329,436.773,0,9.816666667,7.366666667,2.6
730,o_360610160012,925.0641672,572.612,0,11.31666667,9.633333333,2.283333333
731,o_360610160013,881.2252835,690.875,0,12.4,11.61666667,1.2
732,o_360610160014,702.1664329,454.256,0,10.06666667,7.616666667,2.35
733,o_360610160021,1132.595384,877.163,0,16.26666667,14.8,1.116666667
734,o_360610160022,510.0199383,269.566,0,5.55,4.55,1.1
735,o_360610161001,1878.528065,1444.083,0,27.2,24.7,2.133333333
736,o_360610161002,1998.43326,1550.361,0,30.06666667,26.31666667,1.283333333
737,o_360610161003,1856.833495,1205.988,0,25.16666667,20.43333333,1.966666667
738,o_360610161004,1775.34946,1361.449,0,26.1,23.06666667,1.033333333
739,o_360610161005,1791.732835,1234.554,0,22.51666667,21.01666667,2.466666667
740,o_360610161006,1873.368835,1316.19,0,23.9,22.4,1.083333333
741,o_360610162001,1565.009055,1318.756,0,23.5,22.5,3.083333333
742,o_360610162002,1578.879055,1332.626,0,23.66666667,22.66666667,2.916666667
743,o_360610162003,1373.46137,1064.237,0,19.4,18.15,2
744,o_360610162004,1193.84837,884.624,0,16.35,15.1,5.05
745,o_360610162005,945.6506346,871.017,0,15.23333333,14.71666667,4.45
746,o_360610163001,1805.061973,1617.257,0,28.4,27.56666667,4.783333333
747,o_360610163002,1820.729787,960.779,1,22.36666667,16.4,5.6
748,o_360610163003,1966.291821,1329.789,0,24.16666667,22.66666667,3.816666667
749,o_360610163004,1843.830787,983.88,1,22.68333333,16.71666667,5.283333333
750,o_360610163005,2047.158821,1410.656,0,25.53333333,24.03333333,2.45
751,o_360610164001,1154.264361,738.297,0,15.03333333,12.45,1.65
752,o_360610164002,971.5558962,845.823,0,15.03333333,14.25,1.65
753,o_360610164003,893.4218962,767.689,0,13.73333333,12.95,2.95
754,o_360610164004,1142.733361,726.766,0,14.86666667,12.28333333,1.816666667
755,o_360610165001,2168.940731,476.313,0,17.66666667,8.05,5.683333333
756,o_360610165002,2052.150821,1415.648,0,25.6,24.1,2.383333333
757,o_360610165003,2057.369821,1420.867,0,25.65,24.15,2.333333333
758,o_360610165004,2175.742731,483.115,0,17.8,8.183333333,5.55
759,o_360610165005,2216.485731,523.858,0,18.48333333,8.866666667,4.866666667
760,o_360610166001,1546.882173,921.449,0,17.08333333,15.58333333,4.583333333
761,o_360610166002,1619.908173,994.475,0,18.33333333,16.83333333,3.333333333
762,o_360610166003,1058.865635,859.196,0,15.86666667,14.55,5.833333333
763,o_360610166004,923.2980606,620.912,0,12.2,10.5,2
764,o_360610166005,1076.247428,598.634,0,12.76666667,10.1,1.433333333
765,o_360610166006,1057.416341,803.266,0,16.13333333,13.58333333,5.833333333
766,o_360610167001,2192.659373,1731.28,0,31.58333333,29.5,1.6
767,o_360610167002,1915.195821,1278.693,0,23.3,21.8,4.116666667
768,o_360610167003,1837.259821,1200.757,0,21.98333333,20.48333333,5.433333333
769,o_360610167004,1948.277821,1311.775,0,23.83333333,22.33333333,3.583333333
770,o_360610167005,1806.317821,1169.815,0,21.43333333,19.93333333,5.983333333
771,o_360610168001,861.0643668,698.527,0,12.48333333,11.81666667,1.816666667
772,o_360610168002,642.74008,402.286,0,7.766666667,6.783333333,3.3
773,o_360610168003,877.0063668,714.469,0,12.76666667,12.1,1.533333333
774,o_360610169001,2730.377152,357.739,1,17.1,5.983333333,8.983333333
775,o_360610169002,2420.868731,728.241,0,21.98333333,12.36666667,2.8
776,o_360610169003,2472.191731,779.564,0,22.85,13.23333333,1.933333333
777,o_360610169004,2306.846731,614.219,0,20.08333333,10.46666667,4.7
778,o_360610169005,2340.326731,647.699,0,20.63333333,11.01666667,4.15
779,o_360610169006,1991.307423,1044.454,0,23.71666667,17.61666667,1.066666667
780,o_360610170001,1611.418107,950.42,0,18.6,16.01666667,3.4
781,o_360610170002,1207.632635,1132.999,0,19.71666667,19.2,1.4
782,o_360610170003,1318.820361,902.853,0,17.81666667,15.23333333,2.3
783,o_360610170004,1475.240391,901.591,0,18.81666667,15.25,1.3
784,o_360610170005,1570.920956,1261.697,0,22.76666667,21.51666667,3.066666667
785,o_360610171001,3239.697738,577.836,1,22.25,9.683333333,3.833333333
786,o_360610171002,2067.225821,1430.723,0,25.85,24.35,1.566666667
787,o_360610171003,2569.385066,1323.702,0,25.06666667,22.56666667,2.35
788,o_360610171004,2753.557066,1507.874,0,28.13333333,25.63333333,5.283333333
789,o_360610171005,2243.334821,1606.832,0,28.86666667,27.36666667,4.55
790,o_360610171006,2406.331821,1769.829,0,31.63333333,30.13333333,1.783333333
791,o_360610172001,1784.480067,461.707,1,11.86666667,7.8,7.266666667
792,o_360610172002,1493.034796,691.081,0,16.13333333,11.63333333,1.5
793,o_360610172003,1382.868676,291.815,0,11.26666667,4.9,2.65
794,o_360610172004,1416.286668,1255.18,0,22.03333333,21.25,1.65
795,o_360610172005,2172.382308,985.74,0,19.21666667,16.71666667,1.883333333
796,o_360610173001,2981.850152,609.212,1,21.33333333,10.21666667,4.75
797,o_360610173002,3080.282738,418.421,1,19.63333333,7.066666667,6.45
798,o_360610173003,2991.104652,750.708,1,27.9,12.63333333,3.116666667
799,o_360610173004,2365.83646,1228.305,0,27.38333333,20.85,2.633333333
800,o_360610173005,2183.620432,1450.357,0,25.98333333,24.48333333,1.183333333
801,o_360610173006,2789.573152,416.935,1,18.13333333,7.016666667,7.95
802,o_360610173007,2708.263152,335.625,1,16.71666667,5.6,9.366666667
803,o_360610174011,901.3173738,757.807,0,13.53333333,12.81666667,1.283333333
804,o_360610174012,797.0023738,653.492,0,11.71666667,11,3.1
805,o_360610174013,924.508852,624.477,0,11.9,10.55,2.266666667
806,o_360610174021,1431.078098,972.959,0,17.95,16.45,3.416666667
807,o_360610175001,3361.751193,989.644,0,22.71666667,16.71666667,3.5
808,o_360610175002,3169.930193,797.823,0,19.5,13.5,6.716666667
809,o_360610175003,2634.423066,1388.74,0,26.15,23.65,1.266666667
810,o_360610175004,3110.076193,737.969,0,18.51666667,12.51666667,1.7
811,o_360610175005,2452.621066,1206.938,0,23.08333333,20.58333333,4.333333333
812,o_360610175006,2944.199652,703.803,1,27.13333333,11.86666667,3.883333333
813,o_360610175007,3286.467881,333.63,1,19.65,5.6,6.433333333
814,o_360610177001,2021.840259,1035.429,0,23.13333333,17.46666667,3.516666667
815,o_360610177002,2024.354259,1037.943,0,23.15,17.48333333,3.5
816,o_360610177003,2477.770244,1126.174,0,27.6,19.01666667,2.416666667
817,o_360610177004,2507.027244,1155.431,0,28.1,19.51666667,1.916666667
818,o_360610177005,1876.022259,889.611,0,20.75,15.08333333,5.9
819,o_360610177006,2015.750259,1029.339,0,23.13333333,17.46666667,3.516666667
820,o_360610177007,1747.346259,760.935,0,18.53333333,12.86666667,8.116666667
821,o_360610177008,1826.200259,839.789,0,19.9,14.23333333,6.75
822,o_360610178001,1493.921849,1209.204,0,22.68333333,20.4,3.1
823,o_360610178002,1330.448849,1045.731,0,19.86666667,17.58333333,5.916666667
824,o_360610178003,1560.858849,1276.141,0,23.76666667,21.48333333,2.016666667
825,o_360610179001,2772.079127,1071.631,0,22.13333333,18.13333333,4.083333333
826,o_360610179002,2568.301127,867.853,0,18.75,14.75,1.466666667
827,o_360610179003,2484.020634,1266.703,0,26.15,21.38333333,1.766666667
828,o_360610179004,2373.995127,673.547,0,15.45,11.45,4.766666667
829,o_360610179005,2534.386127,833.938,0,18.2,14.2,2.016666667
830,o_360610179006,1846.675244,147.748,0,11.8,2.5,1.333333333
831,o_360610179007,2535.703127,835.255,0,18.2,14.2,2.016666667
832,o_360610180001,1681.494518,1435.241,0,25.48333333,24.48333333,5.533333333
833,o_360610180002,1336.356481,925.834,0,18.43333333,15.63333333,3.183333333
834,o_360610180003,1373.769481,963.247,0,19.08333333,16.28333333,2.533333333
835,o_360610180004,996.6092233,894.643,0,15.85,15.16666667,5.766666667
836,o_360610180005,1456.275481,1045.753,0,20.48333333,17.68333333,1.133333333
837,o_360610181001,1804.006259,817.595,0,19.4,13.73333333,7.25
838,o_360610181002,1931.277259,944.866,0,21.51666667,15.85,5.133333333
839,o_360610181003,1676.434094,229.195,0,11.7,3.833333333,1.433333333
840,o_360610181004,1623.774259,637.363,0,13.73333333,10.73333333,2.25
841,o_360610181005,1530.149259,543.738,0,12.13333333,9.133333333,3.85
842,o_360610181006,1547.606259,561.195,0,12.45,9.45,3.533333333
843,o_360610182001,720.9587977,590.134,0,11.03333333,9.983333333,1.133333333
844,o_360610182002,1046.944901,786.902,0,15.26666667,13.3,1.266666667
845,o_360610182003,1428.997969,564.344,1,12.1,9.533333333,7.033333333
846,o_360610182004,1067.559223,965.593,0,17.01666667,16.33333333,4.6
847,o_360610182005,1128.213879,1004.586,0,17.93333333,17,1.433333333
848,o_360610183001,2013.848744,1361.935,0,25.28333333,23.01666667,2.633333333
849,o_360610183002,2491.814127,791.366,0,17.41666667,13.41666667,2.8
850,o_360610183003,2478.342127,777.894,0,17.18333333,13.18333333,3.033333333
851,o_360610183004,2394.594127,694.146,0,15.78333333,11.78333333,4.433333333
852,o_360610183005,2228.472127,528.024,0,12.96666667,8.966666667,1.25
853,o_360610183006,1522.908505,237.164,0,10.95,4.016666667,2.183333333
854,o_360610183007,2230.787127,530.339,0,13,9,1.216666667
855,o_360610184001,1070.523816,968.823,0,17.01666667,16.36666667,1.2
856,o_360610184002,1011.831732,760.197,0,15.06666667,12.85,2.116666667
857,o_360610184003,1630.284414,1461.649,0,25.73333333,24.85,1.833333333
858,o_360610184004,1272.148223,1170.182,0,20.43333333,19.75,1.183333333
859,o_360610184005,1070.650732,819.016,0,16.01666667,13.8,1.166666667
860,o_360610185001,2217.659881,1652.969,0,29.45,27.95,1.716666667
861,o_360610185002,1532.923375,1391.458,0,24.75,23.81666667,3.283333333
862,o_360610185003,1642.170259,655.759,0,14.08333333,11.08333333,1.9
863,o_360610186001,1418.398881,1176.113,0,21.7,19.95,1.433333333
864,o_360610186002,1419.875547,486.955,0,13.61666667,8.233333333,1.683333333
865,o_360610186003,1272.273881,1029.988,0,19.21666667,17.46666667,3.916666667
866,o_360610187001,1654.919399,1470.237,0,25.46666667,24.83333333,2.45
867,o_360610187002,1825.792605,1404.504,0,25.21666667,23.75,2.7
868,o_360610187003,1334.262961,351.063,0,11.15,5.916666667,1.983333333
869,o_360610187004,1481.655393,356.99,0,12.1,6.083333333,1.033333333
870,o_360610187005,1191.014493,386.508,0,10.83333333,6.583333333,2.35
871,o_360610187006,1348.566961,365.367,0,11.5,6.266666667,1.683333333
872,o_360610188001,1261.270223,1159.304,0,20.25,19.56666667,1.416666667
873,o_360610188002,1099.773223,997.807,0,17.5,16.81666667,4.166666667
874,o_360610188003,1543.788813,446.587,0,13.58333333,7.533333333,1.15
875,o_360610188004,1039.448223,937.482,0,16.55,15.86666667,5.116666667
876,o_360610189001,1227.420552,1100.105,0,19.61666667,18.63333333,5.166666667
877,o_360610189002,2251.309534,1109.323,0,21.4,18.9,4.483333333
878,o_360610189003,1790.257136,1313.885,0,24.38333333,22.38333333,2.7
879,o_360610189004,1125.105148,485.597,0,11.5,8.166666667,1.683333333
880,o_360610189005,925.1320422,523.819,0,10.96666667,8.95,2.216666667
881,o_360610189006,1170.685493,366.179,0,10.48333333,6.233333333,2.7
882,o_360610190001,1430.552433,1181.746,0,21.76666667,19.93333333,3.75
883,o_360610190002,1172.522881,930.237,0,17.5,15.75,5.683333333
884,o_360610191001,1923.297745,921.144,0,18.11666667,15.61666667,2.15
885,o_360610191002,1704.980745,702.827,0,14.4,11.9,5.866666667
886,o_360610191003,1620.869745,618.716,0,12.98333333,10.48333333,1.283333333
887,o_360610191004,1568.818745,566.665,0,12.1,9.6,2.166666667
888,o_360610191005,1319.155529,1176.314,0,21.23333333,20.15,2.983333333
889,o_360610191006,1586.002745,583.849,0,12.41666667,9.916666667,1.85
890,o_360610192001,1457.015204,1105.35,0,20.31666667,18.76666667,8.216666667
891,o_360610192002,1404.402204,1052.737,0,19.45,17.9,1.083333333
892,o_360610192003,1893.157064,1077.754,0,24.68333333,18.11666667,1.15
893,o_360610193001,940.0960422,538.783,0,11.1,9.083333333,2.083333333
894,o_360610193002,1170.523552,1043.208,0,18.66666667,17.68333333,6.116666667
895,o_360610193003,963.6940422,562.381,0,11.5,9.483333333,1.683333333
896,o_360610193004,782.7218681,633.681,0,11.41666667,10.66666667,1.766666667
897,o_360610193005,1322.52733,1179.594,0,20.98333333,19.93333333,1.583333333
898,o_360610193006,1762.604323,1480.788,0,26.96666667,25.16666667,1.183333333
899,o_360610194001,1185.131204,833.466,0,15.7,14.15,4.833333333
900,o_360610194002,1321.641204,969.976,0,18.01666667,16.46666667,2.516666667
901,o_360610194003,1264.011204,912.346,0,17,15.45,3.533333333
902,o_360610194004,1105.937204,754.272,0,14.31666667,12.76666667,6.216666667
903,o_360610195001,1453.978574,977.446,0,17.61666667,16.61666667,2.65
904,o_360610195002,1036.436821,776.586,0,14.86666667,13.23333333,1.616666667
905,o_360610195003,1111.868574,635.336,0,11.76666667,10.76666667,2.5
906,o_360610195004,780.4018681,631.361,0,11.46666667,10.71666667,1.716666667
907,o_360610195005,1124.592226,912.222,0,16.9,15.58333333,2.883333333
908,o_360610196001,1296.307385,971.679,0,18.33333333,16.46666667,1.2
909,o_360610196002,956.269296,791.339,0,14.11666667,13.38333333,5.283333333
910,o_360610196003,634.906296,469.976,0,8.666666667,7.933333333,2.733333333
911,o_360610197011,681.3515198,518.148,0,9.616666667,8.883333333,1.566666667
912,o_360610197021,1035.72161,919.333,0,16.36666667,15.66666667,1.816666667
913,o_360610198001,718.5667798,557.707,0,10.06666667,9.433333333,2.266666667
914,o_360610198002,1245.342179,1107.039,0,19.9,18.78333333,1.65
915,o_360610199001,1724.573574,1248.041,0,22.2,21.2,3.316666667
916,o_360610199002,905.256821,645.406,0,12.61666667,10.98333333,3.866666667
917,o_360610199003,1134.281896,937.443,0,17.18333333,15.9,1.066666667
918,o_360610199004,1065.544821,805.694,0,15.35,13.71666667,1.133333333
919,o_360610199005,976.638821,716.788,0,13.83333333,12.2,2.65
920,o_360610199006,1148.682574,672.15,0,12.4,11.4,1.866666667
921,o_360610200001,1435.321892,1297.016,0,23.13333333,22.06666667,1.55
922,o_360610200002,1537.414205,750.938,0,17.21666667,12.68333333,2.316666667
923,o_360610201011,801.9411432,645.473,0,11.68333333,10.96666667,1.566666667
924,o_360610201021,877.3200666,760.931,0,13.83333333,13.03333333,1.416666667
925,o_360610201022,800.9020666,684.513,0,12.5,11.7,2.75
926,o_360610201023,756.9200666,640.531,0,11.73333333,10.93333333,3.516666667
927,o_360610201024,846.8330666,730.444,0,13.3,12.5,1.95
928,o_360610203001,933.49274,681.441,0,12.71666667,11.58333333,2.5
929,o_360610203002,787.4961432,631.028,0,11.55,10.83333333,1.7
930,o_360610205001,1188.49976,890.499,0,17.01666667,15.13333333,4.8
931,o_360610205002,734.3198636,576.171,0,10.48333333,9.766666667,1.733333333
932,o_360610205003,1250.968632,634.857,0,14.7,10.78333333,1.783333333
933,o_360610206001,1140.812179,1002.509,0,18.11666667,17,3.433333333
934,o_360610206002,1159.363179,1021.06,0,18.43333333,17.31666667,3.116666667
935,o_360610207011,790.1718681,641.131,0,11.7,10.95,1.483333333
936,o_360610207012,894.54174,642.49,0,12.06666667,10.93333333,3.15
937,o_360610208001,531.0213746,315.35,0,6.483333333,5.3,1.25
938,o_360610208002,691.5104766,238.524,0,6.466666667,3.966666667,1.266666667
939,o_360610208003,1154.005179,1015.702,0,18.26666667,17.15,3.283333333
940,o_360610209011,1869.754087,827.79,1,17.85,14.18333333,5.4
941,o_360610209012,937.51374,685.462,0,12.83333333,11.7,2.383333333
942,o_360610210001,1082.560262,909.814,0,16.61666667,15.31666667,1.583333333
943,o_360610210002,1023.4104,790.113,0,14.3,13.35,1.183333333
944,o_360610210003,863.6934003,630.396,0,11.58333333,10.63333333,3.9
945,o_360610210004,861.1354003,627.838,0,11.5,10.55,3.983333333
946,o_360610210005,1241.940626,1090.846,0,19.08333333,18.36666667,1.15
947,o_360610210006,838.0106999,642.409,0,11.71666667,10.8,5.233333333
948,o_360610211001,1409.56659,1227.233,0,21.96666667,20.85,2.466666667
949,o_360610211002,1584.553022,1144.007,0,22.1,19.38333333,2.333333333
950,o_360610211003,1223.560562,1041.233,0,18.7,17.66666667,1.333333333
951,o_360610211004,1580.240698,582.511,0,12.43333333,9.933333333,1.833333333
952,o_360610211005,1050.855752,572.417,0,11.95,9.766666667,3.266666667
953,o_360610211006,918.91274,666.861,0,12.5,11.36666667,2.716666667
954,o_360610211007,861.53374,609.482,0,11.46666667,10.33333333,3.75
955,o_360610212001,627.8552597,455.109,0,8.716666667,7.716666667,4.933333333
956,o_360610212002,855.6046999,660.003,0,11.98333333,11.06666667,4.966666667
957,o_360610212003,492.5753746,276.904,0,5.8,4.616666667,1.933333333
958,o_360610212004,606.6844228,411.083,0,8.016666667,6.916666667,2.766666667
959,o_360610213031,2743.857329,574.256,1,21.58333333,9.733333333,5.183333333
960,o_360610213032,1332.081081,588.577,0,13.36666667,10.01666667,1.85
961,o_360610213033,2060.968839,1202.879,0,21.83333333,20.33333333,5.116666667
962,o_360610213034,1895.089087,853.125,1,18.28333333,14.61666667,4.966666667
963,o_360610214001,994.0324249,417.589,0,10.36666667,7.083333333,3.283333333
964,o_360610214002,745.7792597,573.033,0,10.78333333,9.783333333,2.866666667
965,o_360610215001,1685.580318,863.653,0,16.08333333,14.58333333,1.683333333
966,o_360610215002,1072.236233,907.619,0,16.23333333,15.23333333,3.066666667
967,o_360610216001,1701.076738,467.274,0,15.16666667,7.916666667,2.516666667
968,o_360610216002,1760.279738,526.477,0,16.15,8.9,1.533333333
969,o_360610216003,1466.453452,949.846,0,19.5,16.35,2.75
970,o_360610216004,1162.369067,1045.98,0,18.61666667,17.81666667,3.633333333
971,o_360610216005,1422.477063,1103.466,0,21.13333333,18.96666667,1.116666667
972,o_360610217031,1430.424375,1214.753,0,21.56666667,20.38333333,3.166666667
973,o_360610218001,1271.209881,1028.924,0,19.16666667,17.41666667,4.016666667
974,o_360610218002,1248.199881,1005.914,0,18.8,17.05,4.383333333
975,o_360610218003,1008.318067,891.929,0,16,15.2,6.25
976,o_360610218004,1081.680067,965.291,0,17.26666667,16.46666667,4.983333333
977,o_360610219001,1677.082366,1075.077,0,22.03333333,18.3,2.4
978,o_360610219002,1918.661665,874.024,0,21.33333333,14.83333333,3.1
979,o_360610219003,1849.51144,1101.146,0,23.33333333,18.68333333,1.1
980,o_360610219004,1333.353081,589.849,0,13.38333333,10.03333333,1.833333333
981,o_360610220001,1270.007338,1079.452,0,19.26666667,18.26666667,1.566666667
982,o_360610220002,1428.238881,1185.953,0,21.86666667,20.11666667,1.316666667
983,o_360610220003,1377.127063,1058.116,0,20.21666667,18.05,2.033333333
984,o_360610220004,1201.953067,1085.564,0,19.28333333,18.48333333,2.966666667
985,o_360610220005,1410.241063,1091.23,0,20.78333333,18.61666667,1.466666667
986,o_360610221021,1257.965816,1051.232,0,19.08333333,17.78333333,2.383333333
987,o_360610221022,1212.866816,1006.133,0,18.31666667,17.01666667,3.15
988,o_360610222001,1380.230318,558.303,0,10.91666667,9.416666667,2.85
989,o_360610222002,1574.278205,787.802,0,17.83333333,13.3,1.7
990,o_360610223011,2997.552451,353.097,1,20.78333333,5.983333333,5.983333333
991,o_360610223012,2152.385457,1939.172,0,34.05,32.71666667,1.6
992,o_360610223013,2305.686816,2098.953,0,36.86666667,35.56666667,4.6
993,o_360610223014,2316.751816,2110.018,0,36.96666667,35.66666667,4.5
994,o_360610223021,2837.358966,1023.572,0,21.3,17.3,4.966666667
995,o_360610223022,2106.81058,859.82,0,22.31666667,14.55,2.116666667
996,o_360610224001,703.9174766,250.931,0,6.716666667,4.216666667,1.016666667
997,o_360610224002,1286.804318,464.877,0,9.35,7.85,4.416666667
998,o_360610224003,999.5089997,762.194,0,13.98333333,12.88333333,2.733333333
999,o_360610224004,1047.200477,594.214,0,12.11666667,10,1.966666667
1000,o_360610225001,8289.273639,666.258,1,27.25,11.25,7.516666667
1001,o_360610225002,2052.54441,1598.329,0,29.86666667,27,1.583333333
1002,o_360610225003,1828.330816,1621.597,0,28.7,27.4,2.75
1003,o_360610225004,1631.061816,1424.328,0,25.36666667,24.06666667,6.083333333
1004,o_360610225005,3302.36711,262.726,1,21.7,4.466666667,5.05
1005,o_360610226001,452.0113746,236.34,0,5.166666667,3.983333333,2.55
1006,o_360610226002,543.2073746,327.536,0,6.7,5.516666667,1.016666667
1007,o_360610226003,1485.868988,1328.137,0,23.51666667,22.53333333,2.166666667
1008,o_360610227001,1704.370816,1497.637,0,26.63333333,25.33333333,4.816666667
1009,o_360610227002,1679.066769,1344.503,0,24.51666667,22.61666667,1.116666667
1010,o_360610227003,1547.67526,1374.929,0,24.16666667,23.16666667,1.466666667
1011,o_360610228001,663.6704228,468.069,0,8.983333333,7.883333333,1.783333333
1012,o_360610228002,528.2784228,332.677,0,6.716666667,5.616666667,4.05
1013,o_360610228003,887.6404769,671.969,0,12.28333333,11.26666667,1.783333333
1014,o_360610228004,936.5056999,740.904,0,13.38333333,12.46666667,3.55
1015,o_360610229001,2206.715725,1432.454,0,29.01666667,24.13333333,2.433333333
1016,o_360610229002,1824.875816,1618.142,0,28.65,27.35,2.8
1017,o_360610229003,1998.93841,1544.723,0,28.86666667,26,2.583333333
1018,o_360610229004,1905.830816,1699.097,0,30.03333333,28.73333333,1.416666667
1019,o_360610229005,3992.38053,2283.792,1,48.76666667,38.63333333,4.016666667
1020,o_360610230001,840.8972597,668.151,0,12.3,11.3,1.333333333
1021,o_360610230002,655.3727675,320.809,0,7.9,5.4,1.283333333
1022,o_360610230003,928.0747686,593.511,0,11.88333333,9.983333333,1.75
1023,o_360610230004,1082.887262,910.141,0,16.68333333,15.38333333,1.5
1024,o_360610230005,762.2042597,589.458,0,10.95,9.95,2.683333333
1025,o_360610231001,1984.55741,1530.342,0,28.66666667,25.8,2.783333333
1026,o_360610231002,3468.921356,933.825,1,20.73333333,15.73333333,7.2
1027,o_360610231003,1990.156667,1144.849,0,24.15,19.35,1.483333333
1028,o_360610231004,3442.704356,907.608,1,20.28333333,15.28333333,7.65
1029,o_360610232001,1150.446667,305.139,0,9.983333333,5.183333333,3.65
1030,o_360610232002,981.6624249,405.219,0,10.15,6.866666667,3.483333333
1031,o_360610232003,1253.944423,677.501,0,15.76666667,11.45,2.416666667
1032,o_360610232004,2911.176411,481.066,1,13.13333333,8.133333333,5.616666667
1033,o_360610233001,2400.660502,622.731,0,13.98333333,10.48333333,4.033333333
1034,o_360610233002,1724.746889,897.701,0,16.75,15.25,1.266666667
1035,o_360610233003,2156.424606,1554.961,0,30,26.2,1.45
1036,o_360610234001,2357.613677,1538.697,0,27.91666667,25.91666667,1.016666667
1037,o_360610234002,2984.941411,554.831,1,14.35,9.35,4.4
1038,o_360610235011,1564.411646,573.847,0,15.78333333,9.783333333,1.883333333
1039,o_360610235012,1623.634741,467.016,0,10.93333333,7.933333333,2.283333333
1040,o_360610235013,1487.098741,330.48,0,8.6,5.6,4.616666667
1041,o_360610235014,1927.558122,1766.692,0,30.83333333,30.01666667,2.2
1042,o_360610235015,1538.943741,382.325,0,9.533333333,6.533333333,3.683333333
1043,o_360610235021,2312.633253,1027.677,0,20.86666667,17.36666667,1.883333333
1044,o_360610236001,2199.262278,872.465,1,21.66666667,14.76666667,4.966666667
1045,o_360610236002,2620.588999,1084.614,0,27.33333333,18.31666667,1.033333333
1046,o_360610236003,1662.481674,1428.282,0,25.61666667,24.16666667,2.7
1047,o_360610236004,1385.486275,420.792,0,12.56666667,7.1,1.066666667
1048,o_360610236005,1336.572275,371.878,0,11.76666667,6.3,1.866666667
1049,o_360610237001,1547.132445,899.528,0,19.15,15.26666667,1.783333333
1050,o_360610237002,1526.874445,879.27,0,18.83333333,14.95,2.1
1051,o_360610237003,1386.85042,585.852,0,14.88333333,9.966666667,1.266666667
1052,o_360610238021,4160.264996,1935.049,1,37,32.5,12.55
1053,o_360610238022,4005.720996,1780.505,1,34.56666667,30.06666667,14.98333333
1054,o_360610238023,4865.175996,2639.96,1,48.9,44.4,8.65
1055,o_360610238031,3766.494996,1541.279,1,30.45,25.95,5.75
1056,o_360610238032,3620.817996,1395.602,1,27.93333333,23.43333333,8.266666667
1057,o_360610238041,3035.153912,1791.03,0,32.63333333,30.13333333,11.2
1058,o_360610238042,2455.218912,1211.095,0,22.83333333,20.33333333,9
1059,o_360610238043,3284.041996,1058.826,1,22.23333333,17.73333333,13.96666667
1060,o_360610239001,1842.785928,422.716,1,13.48333333,7.216666667,3.55
1061,o_360610239002,1096.211505,570.054,0,11.21666667,9.716666667,2
1062,o_360610240001,3672.696482,1352.615,1,28.2,22.76666667,7.583333333
1063,o_360610240002,7758.567556,1418.987,1,38.38333333,23.95,7.75
1064,o_360610240003,7520.83833,1538.913,1,39.43333333,25.93333333,6.7
1065,o_360610241001,1358.899889,531.854,0,10.51666667,9.016666667,1.5
1066,o_360610241002,1155.474163,679.289,0,14.76666667,11.51666667,1.383333333
1067,o_360610241003,1252.808285,615.757,0,14.45,10.38333333,1.7
1068,o_360610241004,1178.026163,701.841,0,15.1,11.85,1.05
1069,o_360610241005,1094.195163,618.01,0,13.7,10.45,2.45
1070,o_360610242001,987.948296,823.018,0,14.66666667,13.93333333,4.716666667
1071,o_360610242002,704.853296,539.923,0,9.85,9.116666667,1.533333333
1072,o_360610242003,1151.537982,936.898,0,16.9,15.75,4.733333333
1073,o_360610243011,813.953629,642.47,0,12.06666667,10.9,2.366666667
1074,o_360610243012,1584.595769,475.393,1,12.98333333,8.083333333,4.05
1075,o_360610243013,678.903629,507.42,0,9.766666667,8.6,4.666666667
1076,o_360610243021,3054.851557,382.603,1,11,6.5,13.71666667
1077,o_360610243022,3081.113106,2305.037,0,42.58333333,39.15,5.633333333
1078,o_360610243023,3012.579557,340.331,1,10.3,5.8,14.41666667
1079,o_360610245001,955.300387,706.14,0,13.41666667,11.96666667,2.416666667
1080,o_360610245002,917.0277508,756.019,0,13.93333333,12.83333333,2.216666667
1081,o_360610245003,1038.260961,883.253,0,16.08333333,15.01666667,1.7
1082,o_360610245004,1057.745961,902.738,0,16.41666667,15.35,1.366666667
1083,o_360610245005,785.9757508,624.967,0,11.7,10.6,4.45
1084,o_360610245006,975.0307508,814.022,0,14.88333333,13.78333333,1.266666667
1085,o_360610245007,1016.853712,700.837,0,14.03333333,11.86666667,2.116666667
1086,o_360610247001,1543.190889,716.145,0,13.6,12.1,4.416666667
1087,o_360610247002,1068.858712,752.842,0,14.93333333,12.76666667,1.216666667
1088,o_360610247003,1061.414961,906.407,0,16.43333333,15.36666667,1.35
1089,o_360610247004,885.0107501,724.002,0,13.23333333,12.26666667,4.216666667
1090,o_360610247005,812.950629,641.467,0,12.03333333,10.86666667,2.4
1091,o_360610249001,782.4500882,663.14,0,12.13333333,11.31666667,1.083333333
1092,o_360610251001,2322.436999,1186.322,0,22.25,20.25,3.083333333
1093,o_360610251002,600.9327692,287.255,0,6.3,4.933333333,1.166666667
1094,o_360610253001,994.0258616,500.3,0,12.55,8.516666667,2.333333333
1095,o_360610253002,830.3297419,644.099,0,12.26666667,11.05,2.616666667
1096,o_360610253003,809.1136146,622.88,0,11.45,10.61666667,4.583333333
1097,o_360610253004,709.2020882,589.892,0,10.95,10.13333333,2.266666667
1098,o_360610253005,444.8089741,326.844,0,6.3,5.616666667,1.8
1099,o_360610253006,759.8700882,640.56,0,11.75,10.93333333,1.466666667
1100,o_360610255001,1527.132629,1355.649,0,24.13333333,22.96666667,2.3
1101,o_360610255002,1192.726024,411.77,0,9,7,5.216666667
1102,o_360610255003,925.0301055,764.237,0,13.76666667,13.08333333,1.283333333
1103,o_360610255004,893.8496146,707.616,0,12.85,12.01666667,3.183333333
1104,o_360610257001,1514.563249,671.058,0,16.61666667,11.51666667,1.55
1105,o_360610257002,1126.570067,1010.181,0,18.08333333,17.28333333,4.15
1106,o_360610257003,966.7420666,850.353,0,15.38333333,14.58333333,6.85
1107,o_360610259001,2063.902677,1244.986,0,22.98333333,20.98333333,5.95
1108,o_360610259002,2076.725677,1257.809,0,23.16666667,21.16666667,5.766666667
1109,o_360610261001,1112.752469,404.951,0,12.86666667,6.866666667,2.016666667
1110,o_360610261002,1361.350024,580.394,0,11.83333333,9.833333333,2.383333333
1111,o_360610261003,1299.49707,926.417,0,18.08333333,15.9,2.1
1112,o_360610261004,1366.298656,822.354,0,17.2,14.01666667,1.016666667
1113,o_360610261005,1202.02421,1033.909,0,18.68333333,17.7,1.5
1114,o_360610261006,1183.20221,1015.087,0,18.41666667,17.43333333,1.766666667
1115,o_360610261007,1182.79021,1014.675,0,18.38333333,17.4,1.8
1116,o_360610263001,1317.551549,1116.749,0,20.25,19.15,2.716666667
1117,o_360610263002,1234.665024,453.709,0,9.716666667,7.716666667,1.183333333
1118,o_360610263003,887.9722099,719.857,0,13.41666667,12.43333333,1.383333333
1119,o_360610263004,1102.237024,321.281,0,7.5,5.5,3.4
1120,o_360610263005,1086.886024,305.93,0,7.233333333,5.233333333,3.666666667
1121,o_360610265001,1308.93607,935.856,0,18.26666667,16.08333333,1.916666667
1122,o_360610265002,1140.136024,359.18,0,8.1,6.1,2.8
1123,o_360610265003,1592.08752,1036.861,0,20.81666667,17.76666667,2.15
1124,o_360610265004,1667.640841,386.981,0,9.566666667,6.566666667,1.333333333
1125,o_360610265005,1234.046024,453.09,0,9.75,7.75,1.15
1126,o_360610267001,1852.984999,716.87,0,14.05,12.05,6.15
1127,o_360610269001,2310.606998,2129.585,0,37.1,36.23333333,1.183333333
1128,o_360610269002,1758.029999,621.915,0,12.48333333,10.48333333,1.716666667
1129,o_360610269003,1475.060273,512.305,0,14.38333333,8.666666667,2.25
1130,o_360610269004,1358.611999,222.497,0,5.733333333,3.733333333,2.466666667
1131,o_360610269005,1603.913999,467.799,0,9.883333333,7.883333333,4.316666667
1132,o_360610269006,1770.843999,634.729,0,12.75,10.75,1.45
1133,o_360610271001,1710.062999,573.948,0,11.68333333,9.683333333,2.516666667
1134,o_360610271002,1354.203999,218.089,0,5.683333333,3.683333333,2.516666667
1135,o_360610271003,1626.540999,490.426,0,10.26666667,8.266666667,3.933333333
1136,o_360610271004,1712.292999,576.178,0,11.76666667,9.766666667,2.433333333
1137,o_360610271005,2502.436258,2221.804,0,39.23333333,38,1.583333333
1138,o_360610273001,1901.4911,864.556,0,20.51666667,14.83333333,2.45
1139,o_360610273002,1616.755841,336.096,0,8.7,5.7,2.2
1140,o_360610273003,1562.791841,282.132,0,7.8,4.8,3.1
1141,o_360610273004,1584.061841,303.402,0,8.15,5.15,2.75
1142,o_360610275001,2064.99723,1671.51,0,30.56666667,28.43333333,2.4
1143,o_360610275002,2105.410328,1874.231,0,33.15,32.16666667,4.3
1144,o_360610277001,2298.876824,436.367,0,10.86666667,7.366666667,3.333333333
1145,o_360610277002,2161.068824,298.559,0,8.55,5.05,5.65
1146,o_360610277003,2085.664824,223.155,0,7.25,3.75,1.566666667
1147,o_360610277004,2241.914824,379.405,0,9.883333333,6.383333333,4.316666667
1148,o_360610279001,2087.235999,951.121,0,18.15,16.15,2.05
1149,o_360610279002,2083.915824,221.406,0,7.216666667,3.716666667,1.6
1150,o_360610279003,2246.478824,383.969,0,10,6.5,4.2
1151,o_360610279004,2328.420824,465.911,0,11.43333333,7.933333333,2.766666667
1152,o_360610279005,2668.123434,2440.231,0,43.58333333,41.51666667,1.133333333
1153,o_360610279006,2233.503824,370.994,0,9.75,6.25,4.45
1154,o_360610279007,2204.552824,342.043,0,9.25,5.75,4.95
1155,o_360610281001,1910.4361,873.501,0,20.63333333,14.95,2.333333333
1156,o_360610281002,2126.244948,850.29,0,21.58333333,14.58333333,1.383333333
1157,o_360610283001,2616.067434,2388.175,0,42.7,40.63333333,2.016666667
1158,o_360610283002,2711.91523,613.98,0,14.9,10.4,4.933333333
1159,o_360610283003,2809.34023,711.405,0,16.5,12,3.333333333
1160,o_360610283004,2561.26823,463.333,0,12.33333333,7.833333333,1.5
1161,o_360610285001,2167.114905,1417.709,0,25.4,23.9,6.716666667
1162,o_360610285002,2750.08423,652.149,0,15.53333333,11.03333333,4.3
1163,o_360610285003,2858.38523,760.45,0,17.4,12.9,2.433333333
1164,o_360610285004,2774.04223,676.107,0,15.93333333,11.43333333,3.9
1165,o_360610287001,3517.19923,1419.264,0,28.63333333,24.13333333,3.2
1166,o_360610287002,1979.614002,1294.926,0,23.38333333,21.88333333,5.266666667
1167,o_360610287003,2841.56023,743.625,0,17.03333333,12.53333333,2.8
1168,o_360610291001,2116.029325,767.5,0,15.98333333,12.98333333,3.85
1169,o_360610291002,1974.985002,1290.297,0,23.25,21.75,5.4
1170,o_360610291003,1976.120325,627.591,0,13.61666667,10.61666667,6.216666667
1171,o_360610291004,1827.736002,1143.048,0,20.76666667,19.26666667,7.883333333
1172,o_360610291005,2172.238325,823.709,0,16.95,13.95,2.883333333
1173,o_360610291006,2168.535325,820.006,0,16.85,13.85,2.983333333
1174,o_360610291007,2065.512325,716.983,0,15.11666667,12.11666667,4.716666667
1175,o_360610293001,1802.371325,453.842,0,10.66666667,7.666666667,3.166666667
1176,o_360610293002,1799.156325,450.627,0,10.61666667,7.616666667,3.216666667
1177,o_360610293003,1710.087491,974.632,0,17.9,16.4,1.933333333
1178,o_360610293004,2460.859002,1776.171,0,31.48333333,29.98333333,7.75
1179,o_360610293005,1889.227325,540.698,0,12.18333333,9.183333333,1.65
1180,o_360610295001,2599.360325,1250.831,0,24.18333333,21.18333333,1.65
1181,o_360610295002,2063.645491,1328.19,0,24.01666667,22.51666667,1.816666667
1182,o_360610295003,1904.730491,1169.275,0,21.31666667,19.81666667,4.516666667
1183,o_360610295004,1737.081491,1001.626,0,18.48333333,16.98333333,1.35
1184,o_360610297001,2230.159491,1494.704,0,26.81666667,25.31666667,5.016666667
1185,o_360610299001,2722.82523,624.89,0,15.11666667,10.61666667,4.716666667
1186,o_360610299002,1291.029491,555.574,0,10.83333333,9.333333333,3
1187,o_360610299003,2139.913325,791.384,0,16.43333333,13.43333333,3.4
1188,o_360610303001,1253.252491,517.797,0,10.23333333,8.733333333,3.6
1189,o_360610303002,1481.303491,745.848,0,14.16666667,12.66666667,5.666666667
1190,o_360610303003,1553.767491,818.312,0,15.35,13.85,4.483333333
1191,o_360610307001,1148.490491,413.035,0,8.5,7,5.333333333
1192,o_360610307002,1396.190491,660.735,0,12.73333333,11.23333333,1.1
1193,o_360610307003,1576.546491,841.091,0,15.73333333,14.23333333,4.1
1194,o_360610309001,1971.257981,500.347,1,11.45,8.45,9.383333333
1195,o_360610309002,2027.243981,556.333,1,12.36666667,9.366666667,8.466666667
1196,o_360610309003,2033.493981,562.583,1,12.46666667,9.466666667,8.366666667
1197,o_360610309004,2022.638516,732.312,1,15.4,12.4,4.933333333
1198,o_360610309005,2050.152516,759.826,1,15.81666667,12.81666667,4.516666667
1199,o_360610311001,1760.255999,624.141,0,12.58333333,10.58333333,1.616666667
1200,o_360610317031,1538.229608,1174.315,0,21.23333333,20.23333333,2.2
1201,o_360610317032,1541.300608,1177.386,0,21.31666667,20.31666667,2.116666667
1202,o_360610317033,1395.653608,1031.739,0,18.86666667,17.86666667,2.066666667
1203,o_360610317041,1789.744027,1221.106,0,22.56666667,21.06666667,1.116666667
1204,o_360610317042,2006.648553,1528.198,0,27.95,26.95,2.95
1205,o_360610317043,1953.957876,1015.33,0,20.48333333,17.48333333,1.2
1206,o_360610317044,2256.353506,960.722,0,20.6,16.6,1.083333333
1207,o_360610319001,2152.191506,856.56,0,18.63333333,14.63333333,3.05